Security Group,User Type,Menu Name,Form Name,Auth 
VRS_ADMIN,A,REBATES.REBATE_PROGRAM,rebate_program,M
VRS_ADMIN,A,REBATES.STANDARD_INVOICES,invoices,M
VRS_ADMIN,A,REBATES.TREASURY_INVOICES,treasury_inv,M
VRS_ADMIN,A,REBATES.BATCH_PROCESSES,extract_and_calculate,M
VRS_ADMIN,A,REBATES.BATCH_REVIEW,review,M
VRS_ADMIN,A,REBATES.BATCH_APPROVAL,approve,M
VRS_ADMIN,A,REBATES.BATCH_FINALIZE,finalize,M
VRS_ADMIN,A,REBATES.ACCT_SUMMARY,acct_summary,M
VRS_ADMIN,A,REBATES.UPLOADS,upload,M
VRS_ADMIN,A,REBATES.ATTACH_MULTIPLE,multi_attach,M
VRS_ADMIN,A,REBATES.ON_DEMAND,on_demand_launcher,M
VRS_ADMIN,A,REBATES.ON_DEMAND_PREPAID,on_demand_prepaid,M
VRS_ADMIN,A,SUBSYSTEMS.ACCT_APPROVAL_QUEUE,ap_approval,M
VRS_ADMIN,A,SUBSYSTEMS.SCANBACK_AUDIT,ad_funding,M
VRS_ADMIN,A,SUBSYSTEMS.NDA_DASHBAORD,ndc_upload,M
VRS_ADMIN,A,SUBSYSTEMS.NSA_DASHBOARD,nsa_dashboard,M
VRS_ADMIN,A,SUBSYSTEMS.POST_AUDIT_UPLOAD,pa_upload,M
VRS_ADMIN,A,SUBSYSTEMS.COST_CHANGE_FEE_DASHBOARD,cf_dashboard,M
VRS_ADMIN,A,SUBSYSTEMS.FREIGHT_DASHBOARD,freight_dashboard,M
VRS_ADMIN,A,SUBSYSTEMS.S5S5_DASHBOARD,ss_dashboard,M
VRS_ADMIN,A,SUBSYSTEMS.TT_DASHBOARD,tt_dashboard,M
VRS_ADMIN,A,SUBSYSTEMS.FRONT_END_DASHBOARD,fe_dashboard,M
VRS_ADMIN,A,SUBSYSTEMS.BB_DASHBOARD,bb_dashboard,M
VRS_ADMIN,A,SUBSYSTEMS.DG_MEDIA_UPLOAD,dgm_upload,M
VRS_ADMIN,A,SUBSYSTEMS.DG_MEDIA_20,dgm_dashboard,M
VRS_ADMIN,A,SUBSYSTEMS.BOPIS_DASHBOARD,bopis_dashboard,M
VRS_ADMIN,A,SUBSYSTEMS.TOBACCO_ACCRUAL,tobacco_dashboard,M
VRS_ADMIN,A,SUBSYSTEMS.UNSALEABLES,unsale_dashboard,M
VRS_ADMIN,A,SUBSYSTEMS.CONTRACTS,vrs_contracts,M
VRS_ADMIN,A,SUBSYSTEMS.VENDOR_EMAILS,vendor_emails,M
VRS_ADMIN,A,SUBSYSTEMS.WRITE_OFF_UPLOAD,wo_upload,M
VRS_ADMIN,A,HISTORY.HISTORY_EXTRACTS,history_extracts,M
VRS_ADMIN,A,HISTORY.HISTORY_EXTRACTS_OTHER,history_extracts_other,M
VRS_ADMIN,A,HISTORY.DEDUCTIONS_TAKEN,deductions,M
VRS_ADMIN,A,HISTORY.CHECKS_RECEIVED,checks_received,M
VRS_ADMIN,A,HISTORY.ADJUSTMENTS,adjustments,M
VRS_ADMIN,A,HISTORY.BATCHES,batches,M
VRS_ADMIN,A,HISTORY.AUDIT_LOG,audit_logs,M
VRS_ADMIN,A,HISTORY.REPORTS,vrs_reports,M
VRS_ADMIN,A,HISTORY.PERIOD_END_REPORTS,vrs_pe_reports,M
VRS_ADMIN,A,HISTORY.INQUIRIES,inquiry_forms,M
VRS_ADMIN,A,INQUIRY.ACCT_TRANSACTIONS,acct_trans_inq,M
VRS_ADMIN,A,HISTORY.ACCRUAL_HISTORY,accrual_history,M
VRS_ADMIN,A,INQUIRY.ACTUAL_BUCKETS,buckets,M
VRS_ADMIN,A,INQUIRY.AGED_INQUIRY,aged_inquiry,M
VRS_ADMIN,A,INQUIRY.PREPAID_INQUIRY,prepaid_inquiry,M
VRS_ADMIN,A,INQUIRY.SKU_INQUIRY,sku_inquiry,M
VRS_ADMIN,A,INQUIRY.OFFER_INQUIRY,offer_inquiry,M
VRS_ADMIN,A,INQUIRY.VAR_SUMMARY_BY_DEPT,var_sum,M
VRS_ADMIN,A,INQUIRY.ACTUAL_DAMAGES,damages_actual,M
VRS_ADMIN,A,INQUIRY.DAMAGES_COMPARISON,damages_comparison,M
VRS_ADMIN,A,MAINTENANCE.REBATE_TYPES,rebate_types,M
VRS_ADMIN,A,MAINTENANCE.REBATE_CATEGORY,rebate_category_types,M
VRS_ADMIN,A,MAINTENANCE.VENDOR_CONTACTS,vendor_contact,M
VRS_ADMIN,A,MAINTENANCE.ACCOUNTING_CONTROLS,acct_control_master,M
VRS_ADMIN,A,MAINTENANCE.PARAMETERS,parameters,M
VRS_ADMIN,A,MAINTENANCE.REPORT_TYPES,report_types,M
VRS_ADMIN,A,MAINTENANCE.SECURITY,security,M
VRS_ADMIN,A,VRA_VRT.MAINTAIN_VRAVRT,fcst_rebate_program,R
VRS_ADMIN,A,VRA_VRT.SETUPLINK_AGREEMENT_TO_MASTER,vendor_contract_mgmt,R
VRS_ADMIN,A,VRA_VRT.EXPORT_AGMT,agreement_export,R
VRS_ADMIN,A,VRA_VRT.EXPORT_TPR,tpr_export,R
VRS_ADMIN,A,VRA_VRT.EXPORT_DETAILED_FORECAST,forecast_export,R
VRS_ADMIN,A,VRA_VRT.LOG_VIEWER,log_viewer,R
VRS_ADMIN,A,REPORTS.DEAL_VARIANCE,deal_variance_report,R
VRS_ADMIN,A,REPORTS.EARNINGS,earnings_to_rec_sale,R
VRS_ADMIN,A,REPORTS.REBATE_DOLLARS,rebate_dollars_by_pog,R
VRS_ADMIN,A,REPORTS.BUYER_AGREEMENT_RECAP,buyer_agreement_recap,R
VRS_ADMIN,A,REPORTS.PERIOD_VARIANCE,period_variance_by_vendor,R
VRS_ADMIN,A,REPORTS.STANDARD_REPORT_SET,standard_report_set,R
VRS_ADMIN,A,REPORTS.PLAN_REPORT_SET,standard_plan_report_set,R
VRS_ADMIN,A,PLANFORECAST.FORECAST_MAINTENANCE,fcst_maint,M
VRS_ADMIN,A,PLANFORECAST.FORECAST_ADJUSTMENTS,fcst_adjustment,R
VRS_ADMIN,A,PLANFORECAST.PLAN_MAINTENANCE,plan_maint,M
VRS_ADMIN,A,PLANFORECAST.PLAN_ADJUSTMENTS,plan_adjustment,R
VRS_ADMIN,A,PLANFORECAST.CYCLE_CLOSE,fcst_cycle_close,R
VRS_ADMIN,A,PLANFORECAST.PERIOD_CLOSE_VARIANCE_ANALYSIS,rebate_variance,R
VRS_ADMIN,A,PLANFORECAST.VARIANCE_ANALYSIS,fcst_variance,R
VRS_ADMIN,A,DASHBOARDS.BUYER_DASHBOARD,buyer_dashboard,R
VRS_ADMIN,A,DASHBOARDS.DMMGMM_DASHBOARD,dmm_dashboard,R
VRS_ADMIN,A,DASHBOARDS.FPA_DASHBOARD,fpa_dashboard,R
VRS_ADMIN,A,DASHBOARDS.AP_APPROVAL_QUEUE,ap_approval,M
VRS_ADMIN,A,DASHBOARDS.DASHBOARD_USER_MGMT,mdse_user_mgmt,R
VRS_ADMIN,A,MAINTENANCESETUP.DG_RACING_DEAL_MASTER,dg_racing_program,R
VRS_ADMIN,A,MAINTENANCESETUP.AD_PRINT_COOP_MASTER,ad_coop_program,M
VRS_ADMIN,A,MAINTENANCESETUP.FORECAST_ID_MGMT,fcst_id_mgmt,R
VRS_ADMIN,A,MAINTENANCESETUP.MERCH_REBATE_TYPES_SETUP,mdse_rebate_config,R
VRS_ADMIN,A,MAINTENANCESETUP.CONSOLIDATE_VENDORS,consolidate_vendor_mgmt,R
VRS_ADMIN,A,MAINTENANCESETUP.MDSE_VENDOR_CONTACT,mdse_vendor_contact,R
VRS_ADMIN,A,MAINTENANCESETUP.POG_MAINTENANCE,pog_maint,R
VRS_ADMIN_RO,A,REBATES.REBATE_PROGRAM,rebate_program,R
VRS_ADMIN_RO,A,REBATES.STANDARD_INVOICES,invoices,R
VRS_ADMIN_RO,A,REBATES.TREASURY_INVOICES,treasury_inv,R
VRS_ADMIN_RO,A,REBATES.BATCH_PROCESSES,extract_and_calculate,R
VRS_ADMIN_RO,A,REBATES.BATCH_REVIEW,review,R
VRS_ADMIN_RO,A,REBATES.BATCH_APPROVAL,approve,R
VRS_ADMIN_RO,A,REBATES.BATCH_FINALIZE,finalize,R
VRS_ADMIN_RO,A,REBATES.ACCT_SUMMARY,acct_summary,R
VRS_ADMIN_RO,A,REBATES.UPLOADS,upload,R
VRS_ADMIN_RO,A,REBATES.ATTACH_MULTIPLE,multi_attach,R
VRS_ADMIN_RO,A,REBATES.ON_DEMAND,on_demand_launcher,R
VRS_ADMIN_RO,A,REBATES.ON_DEMAND_PREPAID,on_demand_prepaid,R
VRS_ADMIN_RO,A,SUBSYSTEMS.ACCT_APPROVAL_QUEUE,ap_approval,R
VRS_ADMIN_RO,A,SUBSYSTEMS.SCANBACK_AUDIT,ad_funding,R
VRS_ADMIN_RO,A,SUBSYSTEMS.NDA_DASHBAORD,ndc_upload,R
VRS_ADMIN_RO,A,SUBSYSTEMS.NSA_DASHBOARD,nsa_dashboard,R
VRS_ADMIN_RO,A,SUBSYSTEMS.POST_AUDIT_UPLOAD,pa_upload,M
VRS_ADMIN_RO,A,SUBSYSTEMS.COST_CHANGE_FEE_DASHBOARD,cf_dashboard,R
VRS_ADMIN_RO,A,SUBSYSTEMS.FREIGHT_DASHBOARD,freight_dashboard,R
VRS_ADMIN_RO,A,SUBSYSTEMS.S5S5_DASHBOARD,ss_dashboard,R
VRS_ADMIN_RO,A,SUBSYSTEMS.TT_DASHBOARD,tt_dashboard,R
VRS_ADMIN_RO,A,SUBSYSTEMS.FRONT_END_DASHBOARD,fe_dashboard,R
VRS_ADMIN_RO,A,SUBSYSTEMS.BB_DASHBOARD,bb_dashboard,R
VRS_ADMIN_RO,A,SUBSYSTEMS.DG_MEDIA_UPLOAD,dgm_upload,R
VRS_ADMIN_RO,A,SUBSYSTEMS.DG_MEDIA_20,dgm_dashboard,R
VRS_ADMIN_RO,A,SUBSYSTEMS.BOPIS_DASHBOARD,bopis_dashboard,R
VRS_ADMIN_RO,A,SUBSYSTEMS.TOBACCO_ACCRUAL,tobacco_dashboard,R
VRS_ADMIN_RO,A,SUBSYSTEMS.UNSALEABLES,unsale_dashboard,R
VRS_ADMIN_RO,A,SUBSYSTEMS.CONTRACTS,vrs_contracts,R
VRS_ADMIN_RO,A,SUBSYSTEMS.VENDOR_EMAILS,vendor_emails,R
VRS_ADMIN_RO,A,SUBSYSTEMS.WRITE_OFF_UPLOAD,wo_upload,R
VRS_ADMIN_RO,A,HISTORY.HISTORY_EXTRACTS,history_extracts,M
VRS_ADMIN_RO,A,HISTORY.HISTORY_EXTRACTS_OTHER,history_extracts_other,R
VRS_ADMIN_RO,A,HISTORY.DEDUCTIONS_TAKEN,deductions,R
VRS_ADMIN_RO,A,HISTORY.CHECKS_RECEIVED,checks_received,R
VRS_ADMIN_RO,A,HISTORY.ADJUSTMENTS,adjustments,R
VRS_ADMIN_RO,A,HISTORY.BATCHES,batches,R
VRS_ADMIN_RO,A,HISTORY.AUDIT_LOG,audit_logs,R
VRS_ADMIN_RO,A,HISTORY.REPORTS,vrs_reports,M
VRS_ADMIN_RO,A,HISTORY.PERIOD_END_REPORTS,vrs_pe_reports,M
VRS_ADMIN_RO,A,HISTORY.INQUIRIES,inquiry_forms,R
VRS_ADMIN_RO,A,INQUIRY.ACCT_TRANSACTIONS,acct_trans_inq,R
VRS_ADMIN_RO,A,HISTORY.ACCRUAL_HISTORY,accrual_history,R
VRS_ADMIN_RO,A,INQUIRY.ACTUAL_BUCKETS,buckets,R
VRS_ADMIN_RO,A,INQUIRY.AGED_INQUIRY,aged_inquiry,R
VRS_ADMIN_RO,A,INQUIRY.PREPAID_INQUIRY,prepaid_inquiry,R
VRS_ADMIN_RO,A,INQUIRY.SKU_INQUIRY,sku_inquiry,R
VRS_ADMIN_RO,A,INQUIRY.OFFER_INQUIRY,offer_inquiry,R
VRS_ADMIN_RO,A,INQUIRY.VAR_SUMMARY_BY_DEPT,var_sum,R
VRS_ADMIN_RO,A,INQUIRY.ACTUAL_DAMAGES,damages_actual,R
VRS_ADMIN_RO,A,INQUIRY.DAMAGES_COMPARISON,damages_comparison,R
VRS_ADMIN_RO,A,MAINTENANCE.REBATE_TYPES,rebate_types,R
VRS_ADMIN_RO,A,MAINTENANCE.REBATE_CATEGORY,rebate_category_types,R
VRS_ADMIN_RO,A,MAINTENANCE.VENDOR_CONTACTS,vendor_contact,R
VRS_ADMIN_RO,A,MAINTENANCE.ACCOUNTING_CONTROLS,acct_control_master,R
VRS_ADMIN_RO,A,MAINTENANCE.PARAMETERS,parameters,R
VRS_ADMIN_RO,A,MAINTENANCE.REPORT_TYPES,report_types,R
VRS_ADMIN_RO,A,MAINTENANCE.SECURITY,security,R
VRS_ADMIN_RO,A,VRA_VRT.MAINTAIN_VRAVRT,fcst_rebate_program,R
VRS_ADMIN_RO,A,VRA_VRT.SETUPLINK_AGREEMENT_TO_MASTER,vendor_contract_mgmt,R
VRS_ADMIN_RO,A,VRA_VRT.EXPORT_AGMT,agreement_export,R
VRS_ADMIN_RO,A,VRA_VRT.EXPORT_TPR,tpr_export,R
VRS_ADMIN_RO,A,VRA_VRT.EXPORT_DETAILED_FORECAST,forecast_export,R
VRS_ADMIN_RO,A,VRA_VRT.LOG_VIEWER,log_viewer,R
VRS_ADMIN_RO,A,REPORTS.DEAL_VARIANCE,deal_variance_report,R
VRS_ADMIN_RO,A,REPORTS.EARNINGS,earnings_to_rec_sale,R
VRS_ADMIN_RO,A,REPORTS.REBATE_DOLLARS,rebate_dollars_by_pog,R
VRS_ADMIN_RO,A,REPORTS.BUYER_AGREEMENT_RECAP,buyer_agreement_recap,R
VRS_ADMIN_RO,A,REPORTS.PERIOD_VARIANCE,period_variance_by_vendor,R
VRS_ADMIN_RO,A,REPORTS.STANDARD_REPORT_SET,standard_report_set,R
VRS_ADMIN_RO,A,REPORTS.PLAN_REPORT_SET,standard_plan_report_set,R
VRS_ADMIN_RO,A,PLANFORECAST.FORECAST_MAINTENANCE,fcst_maint,R
VRS_ADMIN_RO,A,PLANFORECAST.FORECAST_ADJUSTMENTS,fcst_adjustment,R
VRS_ADMIN_RO,A,PLANFORECAST.PLAN_MAINTENANCE,plan_maint,R
VRS_ADMIN_RO,A,PLANFORECAST.PLAN_ADJUSTMENTS,plan_adjustment,R
VRS_ADMIN_RO,A,PLANFORECAST.CYCLE_CLOSE,fcst_cycle_close,R
VRS_ADMIN_RO,A,PLANFORECAST.PERIOD_CLOSE_VARIANCE_ANALYSIS,rebate_variance,R
VRS_ADMIN_RO,A,PLANFORECAST.VARIANCE_ANALYSIS,fcst_variance,R
VRS_ADMIN_RO,A,DASHBOARDS.BUYER_DASHBOARD,buyer_dashboard,R
VRS_ADMIN_RO,A,DASHBOARDS.DMMGMM_DASHBOARD,dmm_dashboard,R
VRS_ADMIN_RO,A,DASHBOARDS.FPA_DASHBOARD,fpa_dashboard,R
VRS_ADMIN_RO,A,DASHBOARDS.AP_APPROVAL_QUEUE,ap_approval,R
VRS_ADMIN_RO,A,DASHBOARDS.DASHBOARD_USER_MGMT,mdse_user_mgmt,R
VRS_ADMIN_RO,A,MAINTENANCESETUP.DG_RACING_DEAL_MASTER,dg_racing_program,R
VRS_ADMIN_RO,A,MAINTENANCESETUP.AD_PRINT_COOP_MASTER,ad_coop_program,R
VRS_ADMIN_RO,A,MAINTENANCESETUP.FORECAST_ID_MGMT,fcst_id_mgmt,R
VRS_ADMIN_RO,A,MAINTENANCESETUP.MERCH_REBATE_TYPES_SETUP,mdse_rebate_config,R
VRS_ADMIN_RO,A,MAINTENANCESETUP.CONSOLIDATE_VENDORS,consolidate_vendor_mgmt,R
VRS_ADMIN_RO,A,MAINTENANCESETUP.MDSE_VENDOR_CONTACT,mdse_vendor_contact,R
VRS_ADMIN_RO,A,MAINTENANCESETUP.POG_MAINTENANCE,pog_maint,R
VRS_APP_USER,A,REBATES.REBATE_PROGRAM,rebate_program,M
VRS_APP_USER,A,REBATES.STANDARD_INVOICES,invoices,M
VRS_APP_USER,A,REBATES.TREASURY_INVOICES,treasury_inv,M
VRS_APP_USER,A,REBATES.BATCH_PROCESSES,extract_and_calculate,R
VRS_APP_USER,A,REBATES.BATCH_REVIEW,review,R
VRS_APP_USER,A,REBATES.BATCH_APPROVAL,approve,R
VRS_APP_USER,A,REBATES.BATCH_FINALIZE,finalize,R
VRS_APP_USER,A,REBATES.ACCT_SUMMARY,acct_summary,R
VRS_APP_USER,A,REBATES.UPLOADS,upload,M
VRS_APP_USER,A,REBATES.ATTACH_MULTIPLE,multi_attach,M
VRS_APP_USER,A,REBATES.ON_DEMAND,on_demand_launcher,M
VRS_APP_USER,A,REBATES.ON_DEMAND_PREPAID,on_demand_prepaid,M
VRS_APP_USER,A,SUBSYSTEMS.ACCT_APPROVAL_QUEUE,ap_approval,M
VRS_APP_USER,A,SUBSYSTEMS.SCANBACK_AUDIT,ad_funding,M
VRS_APP_USER,A,SUBSYSTEMS.NDA_DASHBAORD,ndc_upload,M
VRS_APP_USER,A,SUBSYSTEMS.NSA_DASHBOARD,nsa_dashboard,M
VRS_APP_USER,A,SUBSYSTEMS.POST_AUDIT_UPLOAD,pa_upload,M
VRS_APP_USER,A,SUBSYSTEMS.COST_CHANGE_FEE_DASHBOARD,cf_dashboard,M
VRS_APP_USER,A,SUBSYSTEMS.FREIGHT_DASHBOARD,freight_dashboard,M
VRS_APP_USER,A,SUBSYSTEMS.S5S5_DASHBOARD,ss_dashboard,M
VRS_APP_USER,A,SUBSYSTEMS.TT_DASHBOARD,tt_dashboard,M
VRS_APP_USER,A,SUBSYSTEMS.FRONT_END_DASHBOARD,fe_dashboard,M
VRS_APP_USER,A,SUBSYSTEMS.BB_DASHBOARD,bb_dashboard,M
VRS_APP_USER,A,SUBSYSTEMS.DG_MEDIA_UPLOAD,dgm_upload,M
VRS_APP_USER,A,SUBSYSTEMS.DG_MEDIA_20,dgm_dashboard,M
VRS_APP_USER,A,SUBSYSTEMS.BOPIS_DASHBOARD,bopis_dashboard,M
VRS_APP_USER,A,SUBSYSTEMS.TOBACCO_ACCRUAL,tobacco_dashboard,R
VRS_APP_USER,A,SUBSYSTEMS.UNSALEABLES,unsale_dashboard,M
VRS_APP_USER,A,SUBSYSTEMS.CONTRACTS,vrs_contracts,M
VRS_APP_USER,A,SUBSYSTEMS.VENDOR_EMAILS,vendor_emails,M
VRS_APP_USER,A,SUBSYSTEMS.WRITE_OFF_UPLOAD,wo_upload,M
VRS_APP_USER,A,HISTORY.HISTORY_EXTRACTS,history_extracts,M
VRS_APP_USER,A,HISTORY.HISTORY_EXTRACTS_OTHER,history_extracts_other,M
VRS_APP_USER,A,HISTORY.DEDUCTIONS_TAKEN,deductions,M
VRS_APP_USER,A,HISTORY.CHECKS_RECEIVED,checks_received,M
VRS_APP_USER,A,HISTORY.ADJUSTMENTS,adjustments,M
VRS_APP_USER,A,HISTORY.BATCHES,batches,M
VRS_APP_USER,A,HISTORY.AUDIT_LOG,audit_logs,M
VRS_APP_USER,A,HISTORY.REPORTS,vrs_reports,M
VRS_APP_USER,A,HISTORY.PERIOD_END_REPORTS,vrs_pe_reports,M
VRS_APP_USER,A,HISTORY.INQUIRIES,inquiry_forms,M
VRS_APP_USER,A,INQUIRY.ACCT_TRANSACTIONS,acct_trans_inq,M
VRS_APP_USER,A,HISTORY.ACCRUAL_HISTORY,accrual_history,M
VRS_APP_USER,A,INQUIRY.ACTUAL_BUCKETS,buckets,M
VRS_APP_USER,A,INQUIRY.AGED_INQUIRY,aged_inquiry,M
VRS_APP_USER,A,INQUIRY.PREPAID_INQUIRY,prepaid_inquiry,M
VRS_APP_USER,A,INQUIRY.SKU_INQUIRY,sku_inquiry,M
VRS_APP_USER,A,INQUIRY.OFFER_INQUIRY,offer_inquiry,M
VRS_APP_USER,A,INQUIRY.VAR_SUMMARY_BY_DEPT,var_sum,R
VRS_APP_USER,A,INQUIRY.ACTUAL_DAMAGES,damages_actual,R
VRS_APP_USER,A,INQUIRY.DAMAGES_COMPARISON,damages_comparison,M
VRS_APP_USER,A,MAINTENANCE.REBATE_TYPES,rebate_types,R
VRS_APP_USER,A,MAINTENANCE.REBATE_CATEGORY,rebate_category_types,R
VRS_APP_USER,A,MAINTENANCE.VENDOR_CONTACTS,vendor_contact,M
VRS_APP_USER,A,MAINTENANCE.ACCOUNTING_CONTROLS,acct_control_master,R
VRS_APP_USER,A,MAINTENANCE.PARAMETERS,parameters,R
VRS_APP_USER,A,MAINTENANCE.REPORT_TYPES,report_types,R
VRS_APP_USER,A,MAINTENANCE.SECURITY,security,R
VRS_APP_USER,A,VRA_VRT.MAINTAIN_VRAVRT,fcst_rebate_program,R
VRS_APP_USER,A,VRA_VRT.SETUPLINK_AGREEMENT_TO_MASTER,vendor_contract_mgmt,R
VRS_APP_USER,A,VRA_VRT.EXPORT_AGMT,agreement_export,R
VRS_APP_USER,A,VRA_VRT.EXPORT_TPR,tpr_export,R
VRS_APP_USER,A,VRA_VRT.EXPORT_DETAILED_FORECAST,forecast_export,R
VRS_APP_USER,A,VRA_VRT.LOG_VIEWER,log_viewer,R
VRS_APP_USER,A,REPORTS.DEAL_VARIANCE,deal_variance_report,R
VRS_APP_USER,A,REPORTS.EARNINGS,earnings_to_rec_sale,R
VRS_APP_USER,A,REPORTS.REBATE_DOLLARS,rebate_dollars_by_pog,R
VRS_APP_USER,A,REPORTS.BUYER_AGREEMENT_RECAP,buyer_agreement_recap,R
VRS_APP_USER,A,REPORTS.PERIOD_VARIANCE,period_variance_by_vendor,R
VRS_APP_USER,A,REPORTS.STANDARD_REPORT_SET,standard_report_set,R
VRS_APP_USER,A,REPORTS.PLAN_REPORT_SET,standard_plan_report_set,R
VRS_APP_USER,A,PLANFORECAST.FORECAST_MAINTENANCE,fcst_maint,R
VRS_APP_USER,A,PLANFORECAST.FORECAST_ADJUSTMENTS,fcst_adjustment,R
VRS_APP_USER,A,PLANFORECAST.PLAN_MAINTENANCE,plan_maint,R
VRS_APP_USER,A,PLANFORECAST.PLAN_ADJUSTMENTS,plan_adjustment,R
VRS_APP_USER,A,PLANFORECAST.CYCLE_CLOSE,fcst_cycle_close,R
VRS_APP_USER,A,PLANFORECAST.PERIOD_CLOSE_VARIANCE_ANALYSIS,rebate_variance,R
VRS_APP_USER,A,PLANFORECAST.VARIANCE_ANALYSIS,fcst_variance,R
VRS_APP_USER,A,DASHBOARDS.BUYER_DASHBOARD,buyer_dashboard,R
VRS_APP_USER,A,DASHBOARDS.DMMGMM_DASHBOARD,dmm_dashboard,R
VRS_APP_USER,A,DASHBOARDS.FPA_DASHBOARD,fpa_dashboard,R
VRS_APP_USER,A,DASHBOARDS.AP_APPROVAL_QUEUE,ap_approval,M
VRS_APP_USER,A,DASHBOARDS.DASHBOARD_USER_MGMT,mdse_user_mgmt,R
VRS_APP_USER,A,MAINTENANCESETUP.DG_RACING_DEAL_MASTER,dg_racing_program,R
VRS_APP_USER,A,MAINTENANCESETUP.AD_PRINT_COOP_MASTER,ad_coop_program,R
VRS_APP_USER,A,MAINTENANCESETUP.FORECAST_ID_MGMT,fcst_id_mgmt,R
VRS_APP_USER,A,MAINTENANCESETUP.MERCH_REBATE_TYPES_SETUP,mdse_rebate_config,R
VRS_APP_USER,A,MAINTENANCESETUP.CONSOLIDATE_VENDORS,consolidate_vendor_mgmt,R
VRS_APP_USER,A,MAINTENANCESETUP.MDSE_VENDOR_CONTACT,mdse_vendor_contact,R
VRS_APP_USER,A,MAINTENANCESETUP.POG_MAINTENANCE,pog_maint,R
VRS_DAMAGES,A,REBATES.REBATE_PROGRAM,rebate_program,R
VRS_DAMAGES,A,REBATES.STANDARD_INVOICES,invoices,R
VRS_DAMAGES,A,REBATES.TREASURY_INVOICES,treasury_inv,R
VRS_DAMAGES,A,REBATES.BATCH_PROCESSES,extract_and_calculate,R
VRS_DAMAGES,A,REBATES.BATCH_REVIEW,review,R
VRS_DAMAGES,A,REBATES.BATCH_APPROVAL,approve,R
VRS_DAMAGES,A,REBATES.BATCH_FINALIZE,finalize,R
VRS_DAMAGES,A,REBATES.ACCT_SUMMARY,acct_summary,R
VRS_DAMAGES,A,REBATES.UPLOADS,upload,R
VRS_DAMAGES,A,REBATES.ATTACH_MULTIPLE,multi_attach,N
VRS_DAMAGES,A,REBATES.ON_DEMAND,on_demand_launcher,R
VRS_DAMAGES,A,REBATES.ON_DEMAND_PREPAID,on_demand_prepaid,R
VRS_DAMAGES,A,SUBSYSTEMS.ACCT_APPROVAL_QUEUE,ap_approval,R
VRS_DAMAGES,A,SUBSYSTEMS.SCANBACK_AUDIT,ad_funding,R
VRS_DAMAGES,A,SUBSYSTEMS.NDA_DASHBAORD,ndc_upload,R
VRS_DAMAGES,A,SUBSYSTEMS.NSA_DASHBOARD,nsa_dashboard,R
VRS_DAMAGES,A,SUBSYSTEMS.POST_AUDIT_UPLOAD,pa_upload,M
VRS_DAMAGES,A,SUBSYSTEMS.COST_CHANGE_FEE_DASHBOARD,cf_dashboard,R
VRS_DAMAGES,A,SUBSYSTEMS.FREIGHT_DASHBOARD,freight_dashboard,R
VRS_DAMAGES,A,SUBSYSTEMS.S5S5_DASHBOARD,ss_dashboard,R
VRS_DAMAGES,A,SUBSYSTEMS.TT_DASHBOARD,tt_dashboard,R
VRS_DAMAGES,A,SUBSYSTEMS.FRONT_END_DASHBOARD,fe_dashboard,R
VRS_DAMAGES,A,SUBSYSTEMS.BB_DASHBOARD,bb_dashboard,R
VRS_DAMAGES,A,SUBSYSTEMS.DG_MEDIA_UPLOAD,dgm_upload,R
VRS_DAMAGES,A,SUBSYSTEMS.DG_MEDIA_20,dgm_dashboard,R
VRS_DAMAGES,A,SUBSYSTEMS.BOPIS_DASHBOARD,bopis_dashboard,R
VRS_DAMAGES,A,SUBSYSTEMS.TOBACCO_ACCRUAL,tobacco_dashboard,R
VRS_DAMAGES,A,SUBSYSTEMS.UNSALEABLES,unsale_dashboard,R
VRS_DAMAGES,A,SUBSYSTEMS.CONTRACTS,vrs_contracts,R
VRS_DAMAGES,A,SUBSYSTEMS.VENDOR_EMAILS,vendor_emails,R
VRS_DAMAGES,A,SUBSYSTEMS.WRITE_OFF_UPLOAD,wo_upload,R
VRS_DAMAGES,A,HISTORY.HISTORY_EXTRACTS,history_extracts,R
VRS_DAMAGES,A,HISTORY.HISTORY_EXTRACTS_OTHER,history_extracts_other,R
VRS_DAMAGES,A,HISTORY.DEDUCTIONS_TAKEN,deductions,R
VRS_DAMAGES,A,HISTORY.CHECKS_RECEIVED,checks_received,R
VRS_DAMAGES,A,HISTORY.ADJUSTMENTS,adjustments,R
VRS_DAMAGES,A,HISTORY.BATCHES,batches,R
VRS_DAMAGES,A,HISTORY.AUDIT_LOG,audit_logs,R
VRS_DAMAGES,A,HISTORY.REPORTS,vrs_reports,R
VRS_DAMAGES,A,HISTORY.PERIOD_END_REPORTS,vrs_pe_reports,R
VRS_DAMAGES,A,HISTORY.INQUIRIES,inquiry_forms,R
VRS_DAMAGES,A,INQUIRY.ACCT_TRANSACTIONS,acct_trans_inq,R
VRS_DAMAGES,A,HISTORY.ACCRUAL_HISTORY,accrual_history,R
VRS_DAMAGES,A,INQUIRY.ACTUAL_BUCKETS,buckets,R
VRS_DAMAGES,A,INQUIRY.AGED_INQUIRY,aged_inquiry,R
VRS_DAMAGES,A,INQUIRY.PREPAID_INQUIRY,prepaid_inquiry,R
VRS_DAMAGES,A,INQUIRY.SKU_INQUIRY,sku_inquiry,R
VRS_DAMAGES,A,INQUIRY.OFFER_INQUIRY,offer_inquiry,R
VRS_DAMAGES,A,INQUIRY.VAR_SUMMARY_BY_DEPT,var_sum,R
VRS_DAMAGES,A,INQUIRY.ACTUAL_DAMAGES,damages_actual,R
VRS_DAMAGES,A,INQUIRY.DAMAGES_COMPARISON,damages_comparison,M
VRS_DAMAGES,A,MAINTENANCE.REBATE_TYPES,rebate_types,R
VRS_DAMAGES,A,MAINTENANCE.REBATE_CATEGORY,rebate_category_types,R
VRS_DAMAGES,A,MAINTENANCE.VENDOR_CONTACTS,vendor_contact,R
VRS_DAMAGES,A,MAINTENANCE.ACCOUNTING_CONTROLS,acct_control_master,R
VRS_DAMAGES,A,MAINTENANCE.PARAMETERS,parameters,R
VRS_DAMAGES,A,MAINTENANCE.REPORT_TYPES,report_types,R
VRS_DAMAGES,A,MAINTENANCE.SECURITY,security,R
VRS_DAMAGES,A,VRA_VRT.MAINTAIN_VRAVRT,fcst_rebate_program,R
VRS_DAMAGES,A,VRA_VRT.SETUPLINK_AGREEMENT_TO_MASTER,vendor_contract_mgmt,R
VRS_DAMAGES,A,VRA_VRT.EXPORT_AGMT,agreement_export,R
VRS_DAMAGES,A,VRA_VRT.EXPORT_TPR,tpr_export,R
VRS_DAMAGES,A,VRA_VRT.EXPORT_DETAILED_FORECAST,forecast_export,R
VRS_DAMAGES,A,VRA_VRT.LOG_VIEWER,log_viewer,R
VRS_DAMAGES,A,REPORTS.DEAL_VARIANCE,deal_variance_report,R
VRS_DAMAGES,A,REPORTS.EARNINGS,earnings_to_rec_sale,R
VRS_DAMAGES,A,REPORTS.REBATE_DOLLARS,rebate_dollars_by_pog,R
VRS_DAMAGES,A,REPORTS.BUYER_AGREEMENT_RECAP,buyer_agreement_recap,R
VRS_DAMAGES,A,REPORTS.PERIOD_VARIANCE,period_variance_by_vendor,R
VRS_DAMAGES,A,REPORTS.STANDARD_REPORT_SET,standard_report_set,R
VRS_DAMAGES,A,REPORTS.PLAN_REPORT_SET,standard_plan_report_set,R
VRS_DAMAGES,A,PLANFORECAST.FORECAST_MAINTENANCE,fcst_maint,R
VRS_DAMAGES,A,PLANFORECAST.FORECAST_ADJUSTMENTS,fcst_adjustment,R
VRS_DAMAGES,A,PLANFORECAST.PLAN_MAINTENANCE,plan_maint,R
VRS_DAMAGES,A,PLANFORECAST.PLAN_ADJUSTMENTS,plan_adjustment,R
VRS_DAMAGES,A,PLANFORECAST.CYCLE_CLOSE,fcst_cycle_close,R
VRS_DAMAGES,A,PLANFORECAST.PERIOD_CLOSE_VARIANCE_ANALYSIS,rebate_variance,R
VRS_DAMAGES,A,PLANFORECAST.VARIANCE_ANALYSIS,fcst_variance,R
VRS_DAMAGES,A,DASHBOARDS.BUYER_DASHBOARD,buyer_dashboard,R
VRS_DAMAGES,A,DASHBOARDS.DMMGMM_DASHBOARD,dmm_dashboard,R
VRS_DAMAGES,A,DASHBOARDS.FPA_DASHBOARD,fpa_dashboard,R
VRS_DAMAGES,A,DASHBOARDS.AP_APPROVAL_QUEUE,ap_approval,R
VRS_DAMAGES,A,DASHBOARDS.DASHBOARD_USER_MGMT,mdse_user_mgmt,R
VRS_DAMAGES,A,MAINTENANCESETUP.DG_RACING_DEAL_MASTER,dg_racing_program,R
VRS_DAMAGES,A,MAINTENANCESETUP.AD_PRINT_COOP_MASTER,ad_coop_program,R
VRS_DAMAGES,A,MAINTENANCESETUP.FORECAST_ID_MGMT,fcst_id_mgmt,R
VRS_DAMAGES,A,MAINTENANCESETUP.MERCH_REBATE_TYPES_SETUP,mdse_rebate_config,R
VRS_DAMAGES,A,MAINTENANCESETUP.CONSOLIDATE_VENDORS,consolidate_vendor_mgmt,R
VRS_DAMAGES,A,MAINTENANCESETUP.MDSE_VENDOR_CONTACT,mdse_vendor_contact,R
VRS_DAMAGES,A,MAINTENANCESETUP.POG_MAINTENANCE,pog_maint,R
VRS_FPA_SUPERVISOR,M,REBATES.REBATE_PROGRAM,rebate_program,R
VRS_FPA_SUPERVISOR,M,REBATES.STANDARD_INVOICES,invoices,N
VRS_FPA_SUPERVISOR,M,REBATES.TREASURY_INVOICES,treasury_inv,N
VRS_FPA_SUPERVISOR,M,REBATES.BATCH_PROCESSES,extract_and_calculate,N
VRS_FPA_SUPERVISOR,M,REBATES.BATCH_REVIEW,review,N
VRS_FPA_SUPERVISOR,M,REBATES.BATCH_APPROVAL,approve,N
VRS_FPA_SUPERVISOR,M,REBATES.BATCH_FINALIZE,finalize,N
VRS_FPA_SUPERVISOR,M,REBATES.ACCT_SUMMARY,acct_summary,N
VRS_FPA_SUPERVISOR,M,REBATES.UPLOADS,upload,M
VRS_FPA_SUPERVISOR,M,REBATES.ATTACH_MULTIPLE,multi_attach,N
VRS_FPA_SUPERVISOR,M,REBATES.ON_DEMAND,on_demand_launcher,N
VRS_FPA_SUPERVISOR,M,REBATES.ON_DEMAND_PREPAID,on_demand_prepaid,N
VRS_FPA_SUPERVISOR,M,SUBSYSTEMS.ACCT_APPROVAL_QUEUE,ap_approval,N
VRS_FPA_SUPERVISOR,M,SUBSYSTEMS.SCANBACK_AUDIT,ad_funding,N
VRS_FPA_SUPERVISOR,M,SUBSYSTEMS.NDA_DASHBAORD,ndc_upload,N
VRS_FPA_SUPERVISOR,M,SUBSYSTEMS.NSA_DASHBOARD,nsa_dashboard,N
VRS_FPA_SUPERVISOR,M,SUBSYSTEMS.POST_AUDIT_UPLOAD,pa_upload,N
VRS_FPA_SUPERVISOR,M,SUBSYSTEMS.COST_CHANGE_FEE_DASHBOARD,cf_dashboard,N
VRS_FPA_SUPERVISOR,M,SUBSYSTEMS.FREIGHT_DASHBOARD,freight_dashboard,N
VRS_FPA_SUPERVISOR,M,SUBSYSTEMS.S5S5_DASHBOARD,ss_dashboard,N
VRS_FPA_SUPERVISOR,M,SUBSYSTEMS.TT_DASHBOARD,tt_dashboard,N
VRS_FPA_SUPERVISOR,M,SUBSYSTEMS.FRONT_END_DASHBOARD,fe_dashboard,N
VRS_FPA_SUPERVISOR,M,SUBSYSTEMS.BB_DASHBOARD,bb_dashboard,N
VRS_FPA_SUPERVISOR,M,SUBSYSTEMS.DG_MEDIA_UPLOAD,dgm_upload,N
VRS_FPA_SUPERVISOR,M,SUBSYSTEMS.DG_MEDIA_20,dgm_dashboard,N
VRS_FPA_SUPERVISOR,M,SUBSYSTEMS.BOPIS_DASHBOARD,bopis_dashboard,N
VRS_FPA_SUPERVISOR,M,SUBSYSTEMS.TOBACCO_ACCRUAL,tobacco_dashboard,N
VRS_FPA_SUPERVISOR,M,SUBSYSTEMS.UNSALEABLES,unsale_dashboard,N
VRS_FPA_SUPERVISOR,M,SUBSYSTEMS.CONTRACTS,vrs_contracts,N
VRS_FPA_SUPERVISOR,M,SUBSYSTEMS.VENDOR_EMAILS,vendor_emails,N
VRS_FPA_SUPERVISOR,M,SUBSYSTEMS.WRITE_OFF_UPLOAD,wo_upload,N
VRS_FPA_SUPERVISOR,M,HISTORY.HISTORY_EXTRACTS,history_extracts,N
VRS_FPA_SUPERVISOR,M,HISTORY.HISTORY_EXTRACTS_OTHER,history_extracts_other,N
VRS_FPA_SUPERVISOR,M,HISTORY.DEDUCTIONS_TAKEN,deductions,N
VRS_FPA_SUPERVISOR,M,HISTORY.CHECKS_RECEIVED,checks_received,N
VRS_FPA_SUPERVISOR,M,HISTORY.ADJUSTMENTS,adjustments,N
VRS_FPA_SUPERVISOR,M,HISTORY.BATCHES,batches,N
VRS_FPA_SUPERVISOR,M,HISTORY.AUDIT_LOG,audit_logs,M
VRS_FPA_SUPERVISOR,M,HISTORY.REPORTS,vrs_reports,M
VRS_FPA_SUPERVISOR,M,HISTORY.PERIOD_END_REPORTS,vrs_pe_reports,M
VRS_FPA_SUPERVISOR,M,HISTORY.INQUIRIES,inquiry_forms,N
VRS_FPA_SUPERVISOR,M,INQUIRY.ACCT_TRANSACTIONS,acct_trans_inq,N
VRS_FPA_SUPERVISOR,M,HISTORY.ACCRUAL_HISTORY,accrual_history,N
VRS_FPA_SUPERVISOR,M,INQUIRY.ACTUAL_BUCKETS,buckets,N
VRS_FPA_SUPERVISOR,M,INQUIRY.AGED_INQUIRY,aged_inquiry,N
VRS_FPA_SUPERVISOR,M,INQUIRY.PREPAID_INQUIRY,prepaid_inquiry,N
VRS_FPA_SUPERVISOR,M,INQUIRY.SKU_INQUIRY,sku_inquiry,N
VRS_FPA_SUPERVISOR,M,INQUIRY.OFFER_INQUIRY,offer_inquiry,N
VRS_FPA_SUPERVISOR,M,INQUIRY.VAR_SUMMARY_BY_DEPT,var_sum,N
VRS_FPA_SUPERVISOR,M,INQUIRY.ACTUAL_DAMAGES,damages_actual,N
VRS_FPA_SUPERVISOR,M,INQUIRY.DAMAGES_COMPARISON,damages_comparison,N
VRS_FPA_SUPERVISOR,M,MAINTENANCE.REBATE_TYPES,rebate_types,N
VRS_FPA_SUPERVISOR,M,MAINTENANCE.REBATE_CATEGORY,rebate_category_types,N
VRS_FPA_SUPERVISOR,M,MAINTENANCE.VENDOR_CONTACTS,vendor_contact,N
VRS_FPA_SUPERVISOR,M,MAINTENANCE.ACCOUNTING_CONTROLS,acct_control_master,N
VRS_FPA_SUPERVISOR,M,MAINTENANCE.PARAMETERS,parameters,R
VRS_FPA_SUPERVISOR,M,MAINTENANCE.REPORT_TYPES,report_types,R
VRS_FPA_SUPERVISOR,M,MAINTENANCE.SECURITY,security,N
VRS_FPA_SUPERVISOR,M,VRA_VRT.MAINTAIN_VRAVRT,fcst_rebate_program,M
VRS_FPA_SUPERVISOR,M,VRA_VRT.SETUPLINK_AGREEMENT_TO_MASTER,vendor_contract_mgmt,M
VRS_FPA_SUPERVISOR,M,VRA_VRT.EXPORT_AGMT,agreement_export,M
VRS_FPA_SUPERVISOR,M,VRA_VRT.EXPORT_TPR,tpr_export,M
VRS_FPA_SUPERVISOR,M,VRA_VRT.EXPORT_DETAILED_FORECAST,forecast_export,M
VRS_FPA_SUPERVISOR,M,VRA_VRT.LOG_VIEWER,log_viewer,M
VRS_FPA_SUPERVISOR,M,REPORTS.DEAL_VARIANCE,deal_variance_report,M
VRS_FPA_SUPERVISOR,M,REPORTS.EARNINGS,earnings_to_rec_sale,M
VRS_FPA_SUPERVISOR,M,REPORTS.REBATE_DOLLARS,rebate_dollars_by_pog,M
VRS_FPA_SUPERVISOR,M,REPORTS.BUYER_AGREEMENT_RECAP,buyer_agreement_recap,M
VRS_FPA_SUPERVISOR,M,REPORTS.PERIOD_VARIANCE,period_variance_by_vendor,M
VRS_FPA_SUPERVISOR,M,REPORTS.STANDARD_REPORT_SET,standard_report_set,M
VRS_FPA_SUPERVISOR,M,REPORTS.PLAN_REPORT_SET,standard_plan_report_set,M
VRS_FPA_SUPERVISOR,M,PLANFORECAST.FORECAST_MAINTENANCE,fcst_maint,M
VRS_FPA_SUPERVISOR,M,PLANFORECAST.FORECAST_ADJUSTMENTS,fcst_adjustment,M
VRS_FPA_SUPERVISOR,M,PLANFORECAST.PLAN_MAINTENANCE,plan_maint,M
VRS_FPA_SUPERVISOR,M,PLANFORECAST.PLAN_ADJUSTMENTS,plan_adjustment,M
VRS_FPA_SUPERVISOR,M,PLANFORECAST.CYCLE_CLOSE,fcst_cycle_close,M
VRS_FPA_SUPERVISOR,M,PLANFORECAST.PERIOD_CLOSE_VARIANCE_ANALYSIS,rebate_variance,M
VRS_FPA_SUPERVISOR,M,PLANFORECAST.VARIANCE_ANALYSIS,fcst_variance,M
VRS_FPA_SUPERVISOR,M,DASHBOARDS.BUYER_DASHBOARD,buyer_dashboard,M
VRS_FPA_SUPERVISOR,M,DASHBOARDS.DMMGMM_DASHBOARD,dmm_dashboard,M
VRS_FPA_SUPERVISOR,M,DASHBOARDS.FPA_DASHBOARD,fpa_dashboard,M
VRS_FPA_SUPERVISOR,M,DASHBOARDS.AP_APPROVAL_QUEUE,ap_approval,M
VRS_FPA_SUPERVISOR,M,DASHBOARDS.DASHBOARD_USER_MGMT,mdse_user_mgmt,M
VRS_FPA_SUPERVISOR,M,MAINTENANCESETUP.DG_RACING_DEAL_MASTER,dg_racing_program,M
VRS_FPA_SUPERVISOR,M,MAINTENANCESETUP.AD_PRINT_COOP_MASTER,ad_coop_program,M
VRS_FPA_SUPERVISOR,M,MAINTENANCESETUP.FORECAST_ID_MGMT,fcst_id_mgmt,M
VRS_FPA_SUPERVISOR,M,MAINTENANCESETUP.MERCH_REBATE_TYPES_SETUP,mdse_rebate_config,M
VRS_FPA_SUPERVISOR,M,MAINTENANCESETUP.CONSOLIDATE_VENDORS,consolidate_vendor_mgmt,M
VRS_FPA_SUPERVISOR,M,MAINTENANCESETUP.MDSE_VENDOR_CONTACT,mdse_vendor_contact,M
VRS_FPA_SUPERVISOR,M,MAINTENANCESETUP.POG_MAINTENANCE,pog_maint,M
VRS_FPA_USER,M,REBATES.REBATE_PROGRAM,rebate_program,R
VRS_FPA_USER,M,REBATES.STANDARD_INVOICES,invoices,N
VRS_FPA_USER,M,REBATES.TREASURY_INVOICES,treasury_inv,N
VRS_FPA_USER,M,REBATES.BATCH_PROCESSES,extract_and_calculate,N
VRS_FPA_USER,M,REBATES.BATCH_REVIEW,review,N
VRS_FPA_USER,M,REBATES.BATCH_APPROVAL,approve,N
VRS_FPA_USER,M,REBATES.BATCH_FINALIZE,finalize,N
VRS_FPA_USER,M,REBATES.ACCT_SUMMARY,acct_summary,N
VRS_FPA_USER,M,REBATES.UPLOADS,upload,M
VRS_FPA_USER,M,REBATES.ATTACH_MULTIPLE,multi_attach,N
VRS_FPA_USER,M,REBATES.ON_DEMAND,on_demand_launcher,N
VRS_FPA_USER,M,REBATES.ON_DEMAND_PREPAID,on_demand_prepaid,N
VRS_FPA_USER,M,SUBSYSTEMS.ACCT_APPROVAL_QUEUE,ap_approval,N
VRS_FPA_USER,M,SUBSYSTEMS.SCANBACK_AUDIT,ad_funding,N
VRS_FPA_USER,M,SUBSYSTEMS.NDA_DASHBAORD,ndc_upload,N
VRS_FPA_USER,M,SUBSYSTEMS.NSA_DASHBOARD,nsa_dashboard,N
VRS_FPA_USER,M,SUBSYSTEMS.POST_AUDIT_UPLOAD,pa_upload,N
VRS_FPA_USER,M,SUBSYSTEMS.COST_CHANGE_FEE_DASHBOARD,cf_dashboard,N
VRS_FPA_USER,M,SUBSYSTEMS.FREIGHT_DASHBOARD,freight_dashboard,N
VRS_FPA_USER,M,SUBSYSTEMS.S5S5_DASHBOARD,ss_dashboard,N
VRS_FPA_USER,M,SUBSYSTEMS.TT_DASHBOARD,tt_dashboard,N
VRS_FPA_USER,M,SUBSYSTEMS.FRONT_END_DASHBOARD,fe_dashboard,N
VRS_FPA_USER,M,SUBSYSTEMS.BB_DASHBOARD,bb_dashboard,N
VRS_FPA_USER,M,SUBSYSTEMS.DG_MEDIA_UPLOAD,dgm_upload,N
VRS_FPA_USER,M,SUBSYSTEMS.DG_MEDIA_20,dgm_dashboard,N
VRS_FPA_USER,M,SUBSYSTEMS.BOPIS_DASHBOARD,bopis_dashboard,N
VRS_FPA_USER,M,SUBSYSTEMS.TOBACCO_ACCRUAL,tobacco_dashboard,N
VRS_FPA_USER,M,SUBSYSTEMS.UNSALEABLES,unsale_dashboard,N
VRS_FPA_USER,M,SUBSYSTEMS.CONTRACTS,vrs_contracts,N
VRS_FPA_USER,M,SUBSYSTEMS.VENDOR_EMAILS,vendor_emails,N
VRS_FPA_USER,M,SUBSYSTEMS.WRITE_OFF_UPLOAD,wo_upload,N
VRS_FPA_USER,M,HISTORY.HISTORY_EXTRACTS,history_extracts,N
VRS_FPA_USER,M,HISTORY.HISTORY_EXTRACTS_OTHER,history_extracts_other,N
VRS_FPA_USER,M,HISTORY.DEDUCTIONS_TAKEN,deductions,N
VRS_FPA_USER,M,HISTORY.CHECKS_RECEIVED,checks_received,N
VRS_FPA_USER,M,HISTORY.ADJUSTMENTS,adjustments,N
VRS_FPA_USER,M,HISTORY.BATCHES,batches,N
VRS_FPA_USER,M,HISTORY.AUDIT_LOG,audit_logs,M
VRS_FPA_USER,M,HISTORY.REPORTS,vrs_reports,M
VRS_FPA_USER,M,HISTORY.PERIOD_END_REPORTS,vrs_pe_reports,M
VRS_FPA_USER,M,HISTORY.INQUIRIES,inquiry_forms,N
VRS_FPA_USER,M,INQUIRY.ACCT_TRANSACTIONS,acct_trans_inq,N
VRS_FPA_USER,M,HISTORY.ACCRUAL_HISTORY,accrual_history,N
VRS_FPA_USER,M,INQUIRY.ACTUAL_BUCKETS,buckets,N
VRS_FPA_USER,M,INQUIRY.AGED_INQUIRY,aged_inquiry,N
VRS_FPA_USER,M,INQUIRY.PREPAID_INQUIRY,prepaid_inquiry,N
VRS_FPA_USER,M,INQUIRY.SKU_INQUIRY,sku_inquiry,N
VRS_FPA_USER,M,INQUIRY.OFFER_INQUIRY,offer_inquiry,N
VRS_FPA_USER,M,INQUIRY.VAR_SUMMARY_BY_DEPT,var_sum,N
VRS_FPA_USER,M,INQUIRY.ACTUAL_DAMAGES,damages_actual,N
VRS_FPA_USER,M,INQUIRY.DAMAGES_COMPARISON,damages_comparison,N
VRS_FPA_USER,M,MAINTENANCE.REBATE_TYPES,rebate_types,N
VRS_FPA_USER,M,MAINTENANCE.REBATE_CATEGORY,rebate_category_types,N
VRS_FPA_USER,M,MAINTENANCE.VENDOR_CONTACTS,vendor_contact,N
VRS_FPA_USER,M,MAINTENANCE.ACCOUNTING_CONTROLS,acct_control_master,N
VRS_FPA_USER,M,MAINTENANCE.PARAMETERS,parameters,N
VRS_FPA_USER,M,MAINTENANCE.REPORT_TYPES,report_types,R
VRS_FPA_USER,M,MAINTENANCE.SECURITY,security,N
VRS_FPA_USER,M,VRA_VRT.MAINTAIN_VRAVRT,fcst_rebate_program,M
VRS_FPA_USER,M,VRA_VRT.SETUPLINK_AGREEMENT_TO_MASTER,vendor_contract_mgmt,R
VRS_FPA_USER,M,VRA_VRT.EXPORT_AGMT,agreement_export,M
VRS_FPA_USER,M,VRA_VRT.EXPORT_TPR,tpr_export,M
VRS_FPA_USER,M,VRA_VRT.EXPORT_DETAILED_FORECAST,forecast_export,M
VRS_FPA_USER,M,VRA_VRT.LOG_VIEWER,log_viewer,M
VRS_FPA_USER,M,REPORTS.DEAL_VARIANCE,deal_variance_report,M
VRS_FPA_USER,M,REPORTS.EARNINGS,earnings_to_rec_sale,M
VRS_FPA_USER,M,REPORTS.REBATE_DOLLARS,rebate_dollars_by_pog,M
VRS_FPA_USER,M,REPORTS.BUYER_AGREEMENT_RECAP,buyer_agreement_recap,M
VRS_FPA_USER,M,REPORTS.PERIOD_VARIANCE,period_variance_by_vendor,M
VRS_FPA_USER,M,REPORTS.STANDARD_REPORT_SET,standard_report_set,M
VRS_FPA_USER,M,REPORTS.PLAN_REPORT_SET,standard_plan_report_set,M
VRS_FPA_USER,M,PLANFORECAST.FORECAST_MAINTENANCE,fcst_maint,M
VRS_FPA_USER,M,PLANFORECAST.FORECAST_ADJUSTMENTS,fcst_adjustment,M
VRS_FPA_USER,M,PLANFORECAST.PLAN_MAINTENANCE,plan_maint,M
VRS_FPA_USER,M,PLANFORECAST.PLAN_ADJUSTMENTS,plan_adjustment,M
VRS_FPA_USER,M,PLANFORECAST.CYCLE_CLOSE,fcst_cycle_close,N
VRS_FPA_USER,M,PLANFORECAST.PERIOD_CLOSE_VARIANCE_ANALYSIS,rebate_variance,M
VRS_FPA_USER,M,PLANFORECAST.VARIANCE_ANALYSIS,fcst_variance,M
VRS_FPA_USER,M,DASHBOARDS.BUYER_DASHBOARD,buyer_dashboard,M
VRS_FPA_USER,M,DASHBOARDS.DMMGMM_DASHBOARD,dmm_dashboard,M
VRS_FPA_USER,M,DASHBOARDS.FPA_DASHBOARD,fpa_dashboard,M
VRS_FPA_USER,M,DASHBOARDS.AP_APPROVAL_QUEUE,ap_approval,M
VRS_FPA_USER,M,DASHBOARDS.DASHBOARD_USER_MGMT,mdse_user_mgmt,R
VRS_FPA_USER,M,MAINTENANCESETUP.DG_RACING_DEAL_MASTER,dg_racing_program,R
VRS_FPA_USER,M,MAINTENANCESETUP.AD_PRINT_COOP_MASTER,ad_coop_program,R
VRS_FPA_USER,M,MAINTENANCESETUP.FORECAST_ID_MGMT,fcst_id_mgmt,N
VRS_FPA_USER,M,MAINTENANCESETUP.MERCH_REBATE_TYPES_SETUP,mdse_rebate_config,N
VRS_FPA_USER,M,MAINTENANCESETUP.CONSOLIDATE_VENDORS,consolidate_vendor_mgmt,R
VRS_FPA_USER,M,MAINTENANCESETUP.MDSE_VENDOR_CONTACT,mdse_vendor_contact,M
VRS_FPA_USER,M,MAINTENANCESETUP.POG_MAINTENANCE,pog_maint,R
VRS_MANAGER,A,REBATES.REBATE_PROGRAM,rebate_program,M
VRS_MANAGER,A,REBATES.STANDARD_INVOICES,invoices,M
VRS_MANAGER,A,REBATES.TREASURY_INVOICES,treasury_inv,M
VRS_MANAGER,A,REBATES.BATCH_PROCESSES,extract_and_calculate,M
VRS_MANAGER,A,REBATES.BATCH_REVIEW,review,M
VRS_MANAGER,A,REBATES.BATCH_APPROVAL,approve,M
VRS_MANAGER,A,REBATES.BATCH_FINALIZE,finalize,M
VRS_MANAGER,A,REBATES.ACCT_SUMMARY,acct_summary,M
VRS_MANAGER,A,REBATES.UPLOADS,upload,M
VRS_MANAGER,A,REBATES.ATTACH_MULTIPLE,multi_attach,M
VRS_MANAGER,A,REBATES.ON_DEMAND,on_demand_launcher,M
VRS_MANAGER,A,REBATES.ON_DEMAND_PREPAID,on_demand_prepaid,M
VRS_MANAGER,A,SUBSYSTEMS.ACCT_APPROVAL_QUEUE,ap_approval,M
VRS_MANAGER,A,SUBSYSTEMS.SCANBACK_AUDIT,ad_funding,M
VRS_MANAGER,A,SUBSYSTEMS.NDA_DASHBAORD,ndc_upload,M
VRS_MANAGER,A,SUBSYSTEMS.NSA_DASHBOARD,nsa_dashboard,M
VRS_MANAGER,A,SUBSYSTEMS.POST_AUDIT_UPLOAD,pa_upload,M
VRS_MANAGER,A,SUBSYSTEMS.COST_CHANGE_FEE_DASHBOARD,cf_dashboard,M
VRS_MANAGER,A,SUBSYSTEMS.FREIGHT_DASHBOARD,freight_dashboard,M
VRS_MANAGER,A,SUBSYSTEMS.S5S5_DASHBOARD,ss_dashboard,M
VRS_MANAGER,A,SUBSYSTEMS.TT_DASHBOARD,tt_dashboard,M
VRS_MANAGER,A,SUBSYSTEMS.FRONT_END_DASHBOARD,fe_dashboard,M
VRS_MANAGER,A,SUBSYSTEMS.BB_DASHBOARD,bb_dashboard,M
VRS_MANAGER,A,SUBSYSTEMS.DG_MEDIA_UPLOAD,dgm_upload,M
VRS_MANAGER,A,SUBSYSTEMS.DG_MEDIA_20,dgm_dashboard,M
VRS_MANAGER,A,SUBSYSTEMS.BOPIS_DASHBOARD,bopis_dashboard,M
VRS_MANAGER,A,SUBSYSTEMS.TOBACCO_ACCRUAL,tobacco_dashboard,M
VRS_MANAGER,A,SUBSYSTEMS.UNSALEABLES,unsale_dashboard,M
VRS_MANAGER,A,SUBSYSTEMS.CONTRACTS,vrs_contracts,M
VRS_MANAGER,A,SUBSYSTEMS.VENDOR_EMAILS,vendor_emails,M
VRS_MANAGER,A,SUBSYSTEMS.WRITE_OFF_UPLOAD,wo_upload,M
VRS_MANAGER,A,HISTORY.HISTORY_EXTRACTS,history_extracts,M
VRS_MANAGER,A,HISTORY.HISTORY_EXTRACTS_OTHER,history_extracts_other,M
VRS_MANAGER,A,HISTORY.DEDUCTIONS_TAKEN,deductions,M
VRS_MANAGER,A,HISTORY.CHECKS_RECEIVED,checks_received,M
VRS_MANAGER,A,HISTORY.ADJUSTMENTS,adjustments,M
VRS_MANAGER,A,HISTORY.BATCHES,batches,M
VRS_MANAGER,A,HISTORY.AUDIT_LOG,audit_logs,M
VRS_MANAGER,A,HISTORY.REPORTS,vrs_reports,M
VRS_MANAGER,A,HISTORY.PERIOD_END_REPORTS,vrs_pe_reports,M
VRS_MANAGER,A,HISTORY.INQUIRIES,inquiry_forms,M
VRS_MANAGER,A,INQUIRY.ACCT_TRANSACTIONS,acct_trans_inq,M
VRS_MANAGER,A,HISTORY.ACCRUAL_HISTORY,accrual_history,M
VRS_MANAGER,A,INQUIRY.ACTUAL_BUCKETS,buckets,M
VRS_MANAGER,A,INQUIRY.AGED_INQUIRY,aged_inquiry,M
VRS_MANAGER,A,INQUIRY.PREPAID_INQUIRY,prepaid_inquiry,M
VRS_MANAGER,A,INQUIRY.SKU_INQUIRY,sku_inquiry,M
VRS_MANAGER,A,INQUIRY.OFFER_INQUIRY,offer_inquiry,M
VRS_MANAGER,A,INQUIRY.VAR_SUMMARY_BY_DEPT,var_sum,M
VRS_MANAGER,A,INQUIRY.ACTUAL_DAMAGES,damages_actual,M
VRS_MANAGER,A,INQUIRY.DAMAGES_COMPARISON,damages_comparison,M
VRS_MANAGER,A,MAINTENANCE.REBATE_TYPES,rebate_types,R
VRS_MANAGER,A,MAINTENANCE.REBATE_CATEGORY,rebate_category_types,M
VRS_MANAGER,A,MAINTENANCE.VENDOR_CONTACTS,vendor_contact,M
VRS_MANAGER,A,MAINTENANCE.ACCOUNTING_CONTROLS,acct_control_master,R
VRS_MANAGER,A,MAINTENANCE.PARAMETERS,parameters,M
VRS_MANAGER,A,MAINTENANCE.REPORT_TYPES,report_types,M
VRS_MANAGER,A,MAINTENANCE.SECURITY,security,R
VRS_MANAGER,A,VRA_VRT.MAINTAIN_VRAVRT,fcst_rebate_program,R
VRS_MANAGER,A,VRA_VRT.SETUPLINK_AGREEMENT_TO_MASTER,vendor_contract_mgmt,R
VRS_MANAGER,A,VRA_VRT.EXPORT_AGMT,agreement_export,R
VRS_MANAGER,A,VRA_VRT.EXPORT_TPR,tpr_export,R
VRS_MANAGER,A,VRA_VRT.EXPORT_DETAILED_FORECAST,forecast_export,R
VRS_MANAGER,A,VRA_VRT.LOG_VIEWER,log_viewer,R
VRS_MANAGER,A,REPORTS.DEAL_VARIANCE,deal_variance_report,R
VRS_MANAGER,A,REPORTS.EARNINGS,earnings_to_rec_sale,R
VRS_MANAGER,A,REPORTS.REBATE_DOLLARS,rebate_dollars_by_pog,R
VRS_MANAGER,A,REPORTS.BUYER_AGREEMENT_RECAP,buyer_agreement_recap,R
VRS_MANAGER,A,REPORTS.PERIOD_VARIANCE,period_variance_by_vendor,R
VRS_MANAGER,A,REPORTS.STANDARD_REPORT_SET,standard_report_set,R
VRS_MANAGER,A,REPORTS.PLAN_REPORT_SET,standard_plan_report_set,R
VRS_MANAGER,A,PLANFORECAST.FORECAST_MAINTENANCE,fcst_maint,M
VRS_MANAGER,A,PLANFORECAST.FORECAST_ADJUSTMENTS,fcst_adjustment,R
VRS_MANAGER,A,PLANFORECAST.PLAN_MAINTENANCE,plan_maint,M
VRS_MANAGER,A,PLANFORECAST.PLAN_ADJUSTMENTS,plan_adjustment,R
VRS_MANAGER,A,PLANFORECAST.CYCLE_CLOSE,fcst_cycle_close,R
VRS_MANAGER,A,PLANFORECAST.PERIOD_CLOSE_VARIANCE_ANALYSIS,rebate_variance,R
VRS_MANAGER,A,PLANFORECAST.VARIANCE_ANALYSIS,fcst_variance,R
VRS_MANAGER,A,DASHBOARDS.BUYER_DASHBOARD,buyer_dashboard,R
VRS_MANAGER,A,DASHBOARDS.DMMGMM_DASHBOARD,dmm_dashboard,R
VRS_MANAGER,A,DASHBOARDS.FPA_DASHBOARD,fpa_dashboard,R
VRS_MANAGER,A,DASHBOARDS.AP_APPROVAL_QUEUE,ap_approval,M
VRS_MANAGER,A,DASHBOARDS.DASHBOARD_USER_MGMT,mdse_user_mgmt,R
VRS_MANAGER,A,MAINTENANCESETUP.DG_RACING_DEAL_MASTER,dg_racing_program,R
VRS_MANAGER,A,MAINTENANCESETUP.AD_PRINT_COOP_MASTER,ad_coop_program,M
VRS_MANAGER,A,MAINTENANCESETUP.FORECAST_ID_MGMT,fcst_id_mgmt,R
VRS_MANAGER,A,MAINTENANCESETUP.MERCH_REBATE_TYPES_SETUP,mdse_rebate_config,R
VRS_MANAGER,A,MAINTENANCESETUP.CONSOLIDATE_VENDORS,consolidate_vendor_mgmt,R
VRS_MANAGER,A,MAINTENANCESETUP.MDSE_VENDOR_CONTACT,mdse_vendor_contact,R
VRS_MANAGER,A,MAINTENANCESETUP.POG_MAINTENANCE,pog_maint,R
VRS_MDSE_BUYER,M,REBATES.REBATE_PROGRAM,rebate_program,R
VRS_MDSE_BUYER,M,REBATES.STANDARD_INVOICES,invoices,N
VRS_MDSE_BUYER,M,REBATES.TREASURY_INVOICES,treasury_inv,N
VRS_MDSE_BUYER,M,REBATES.BATCH_PROCESSES,extract_and_calculate,N
VRS_MDSE_BUYER,M,REBATES.BATCH_REVIEW,review,N
VRS_MDSE_BUYER,M,REBATES.BATCH_APPROVAL,approve,N
VRS_MDSE_BUYER,M,REBATES.BATCH_FINALIZE,finalize,N
VRS_MDSE_BUYER,M,REBATES.ACCT_SUMMARY,acct_summary,N
VRS_MDSE_BUYER,M,REBATES.UPLOADS,upload,M
VRS_MDSE_BUYER,M,REBATES.ATTACH_MULTIPLE,multi_attach,N
VRS_MDSE_BUYER,M,REBATES.ON_DEMAND,on_demand_launcher,N
VRS_MDSE_BUYER,M,REBATES.ON_DEMAND_PREPAID,on_demand_prepaid,N
VRS_MDSE_BUYER,M,SUBSYSTEMS.ACCT_APPROVAL_QUEUE,ap_approval,N
VRS_MDSE_BUYER,M,SUBSYSTEMS.SCANBACK_AUDIT,ad_funding,N
VRS_MDSE_BUYER,M,SUBSYSTEMS.NDA_DASHBAORD,ndc_upload,N
VRS_MDSE_BUYER,M,SUBSYSTEMS.NSA_DASHBOARD,nsa_dashboard,N
VRS_MDSE_BUYER,M,SUBSYSTEMS.POST_AUDIT_UPLOAD,pa_upload,N
VRS_MDSE_BUYER,M,SUBSYSTEMS.COST_CHANGE_FEE_DASHBOARD,cf_dashboard,N
VRS_MDSE_BUYER,M,SUBSYSTEMS.FREIGHT_DASHBOARD,freight_dashboard,N
VRS_MDSE_BUYER,M,SUBSYSTEMS.S5S5_DASHBOARD,ss_dashboard,N
VRS_MDSE_BUYER,M,SUBSYSTEMS.TT_DASHBOARD,tt_dashboard,N
VRS_MDSE_BUYER,M,SUBSYSTEMS.FRONT_END_DASHBOARD,fe_dashboard,N
VRS_MDSE_BUYER,M,SUBSYSTEMS.BB_DASHBOARD,bb_dashboard,N
VRS_MDSE_BUYER,M,SUBSYSTEMS.DG_MEDIA_UPLOAD,dgm_upload,N
VRS_MDSE_BUYER,M,SUBSYSTEMS.DG_MEDIA_20,dgm_dashboard,N
VRS_MDSE_BUYER,M,SUBSYSTEMS.BOPIS_DASHBOARD,bopis_dashboard,N
VRS_MDSE_BUYER,M,SUBSYSTEMS.TOBACCO_ACCRUAL,tobacco_dashboard,N
VRS_MDSE_BUYER,M,SUBSYSTEMS.UNSALEABLES,unsale_dashboard,N
VRS_MDSE_BUYER,M,SUBSYSTEMS.CONTRACTS,vrs_contracts,N
VRS_MDSE_BUYER,M,SUBSYSTEMS.VENDOR_EMAILS,vendor_emails,N
VRS_MDSE_BUYER,M,SUBSYSTEMS.WRITE_OFF_UPLOAD,wo_upload,N
VRS_MDSE_BUYER,M,HISTORY.HISTORY_EXTRACTS,history_extracts,N
VRS_MDSE_BUYER,M,HISTORY.HISTORY_EXTRACTS_OTHER,history_extracts_other,N
VRS_MDSE_BUYER,M,HISTORY.DEDUCTIONS_TAKEN,deductions,N
VRS_MDSE_BUYER,M,HISTORY.CHECKS_RECEIVED,checks_received,N
VRS_MDSE_BUYER,M,HISTORY.ADJUSTMENTS,adjustments,N
VRS_MDSE_BUYER,M,HISTORY.BATCHES,batches,N
VRS_MDSE_BUYER,M,HISTORY.AUDIT_LOG,audit_logs,M
VRS_MDSE_BUYER,M,HISTORY.REPORTS,vrs_reports,M
VRS_MDSE_BUYER,M,HISTORY.PERIOD_END_REPORTS,vrs_pe_reports,M
VRS_MDSE_BUYER,M,HISTORY.INQUIRIES,inquiry_forms,N
VRS_MDSE_BUYER,M,INQUIRY.ACCT_TRANSACTIONS,acct_trans_inq,N
VRS_MDSE_BUYER,M,HISTORY.ACCRUAL_HISTORY,accrual_history,N
VRS_MDSE_BUYER,M,INQUIRY.ACTUAL_BUCKETS,buckets,N
VRS_MDSE_BUYER,M,INQUIRY.AGED_INQUIRY,aged_inquiry,N
VRS_MDSE_BUYER,M,INQUIRY.PREPAID_INQUIRY,prepaid_inquiry,N
VRS_MDSE_BUYER,M,INQUIRY.SKU_INQUIRY,sku_inquiry,N
VRS_MDSE_BUYER,M,INQUIRY.OFFER_INQUIRY,offer_inquiry,N
VRS_MDSE_BUYER,M,INQUIRY.VAR_SUMMARY_BY_DEPT,var_sum,N
VRS_MDSE_BUYER,M,INQUIRY.ACTUAL_DAMAGES,damages_actual,N
VRS_MDSE_BUYER,M,INQUIRY.DAMAGES_COMPARISON,damages_comparison,N
VRS_MDSE_BUYER,M,MAINTENANCE.REBATE_TYPES,rebate_types,N
VRS_MDSE_BUYER,M,MAINTENANCE.REBATE_CATEGORY,rebate_category_types,N
VRS_MDSE_BUYER,M,MAINTENANCE.VENDOR_CONTACTS,vendor_contact,N
VRS_MDSE_BUYER,M,MAINTENANCE.ACCOUNTING_CONTROLS,acct_control_master,N
VRS_MDSE_BUYER,M,MAINTENANCE.PARAMETERS,parameters,N
VRS_MDSE_BUYER,M,MAINTENANCE.REPORT_TYPES,report_types,R
VRS_MDSE_BUYER,M,MAINTENANCE.SECURITY,security,N
VRS_MDSE_BUYER,M,VRA_VRT.MAINTAIN_VRAVRT,fcst_rebate_program,M
VRS_MDSE_BUYER,M,VRA_VRT.SETUPLINK_AGREEMENT_TO_MASTER,vendor_contract_mgmt,M
VRS_MDSE_BUYER,M,VRA_VRT.EXPORT_AGMT,agreement_export,M
VRS_MDSE_BUYER,M,VRA_VRT.EXPORT_TPR,tpr_export,M
VRS_MDSE_BUYER,M,VRA_VRT.EXPORT_DETAILED_FORECAST,forecast_export,M
VRS_MDSE_BUYER,M,VRA_VRT.LOG_VIEWER,log_viewer,M
VRS_MDSE_BUYER,M,REPORTS.DEAL_VARIANCE,deal_variance_report,M
VRS_MDSE_BUYER,M,REPORTS.EARNINGS,earnings_to_rec_sale,M
VRS_MDSE_BUYER,M,REPORTS.REBATE_DOLLARS,rebate_dollars_by_pog,M
VRS_MDSE_BUYER,M,REPORTS.BUYER_AGREEMENT_RECAP,buyer_agreement_recap,N
VRS_MDSE_BUYER,M,REPORTS.PERIOD_VARIANCE,period_variance_by_vendor,M
VRS_MDSE_BUYER,M,REPORTS.STANDARD_REPORT_SET,standard_report_set,M
VRS_MDSE_BUYER,M,REPORTS.PLAN_REPORT_SET,standard_plan_report_set,M
VRS_MDSE_BUYER,M,PLANFORECAST.FORECAST_MAINTENANCE,fcst_maint,N
VRS_MDSE_BUYER,M,PLANFORECAST.FORECAST_ADJUSTMENTS,fcst_adjustment,M
VRS_MDSE_BUYER,M,PLANFORECAST.PLAN_MAINTENANCE,plan_maint,N
VRS_MDSE_BUYER,M,PLANFORECAST.PLAN_ADJUSTMENTS,plan_adjustment,M
VRS_MDSE_BUYER,M,PLANFORECAST.CYCLE_CLOSE,fcst_cycle_close,N
VRS_MDSE_BUYER,M,PLANFORECAST.PERIOD_CLOSE_VARIANCE_ANALYSIS,rebate_variance,M
VRS_MDSE_BUYER,M,PLANFORECAST.VARIANCE_ANALYSIS,fcst_variance,M
VRS_MDSE_BUYER,M,DASHBOARDS.BUYER_DASHBOARD,buyer_dashboard,M
VRS_MDSE_BUYER,M,DASHBOARDS.DMMGMM_DASHBOARD,dmm_dashboard,M
VRS_MDSE_BUYER,M,DASHBOARDS.FPA_DASHBOARD,fpa_dashboard,N
VRS_MDSE_BUYER,M,DASHBOARDS.AP_APPROVAL_QUEUE,ap_approval,N
VRS_MDSE_BUYER,M,DASHBOARDS.DASHBOARD_USER_MGMT,mdse_user_mgmt,N
VRS_MDSE_BUYER,M,MAINTENANCESETUP.DG_RACING_DEAL_MASTER,dg_racing_program,R
VRS_MDSE_BUYER,M,MAINTENANCESETUP.AD_PRINT_COOP_MASTER,ad_coop_program,R
VRS_MDSE_BUYER,M,MAINTENANCESETUP.FORECAST_ID_MGMT,fcst_id_mgmt,N
VRS_MDSE_BUYER,M,MAINTENANCESETUP.MERCH_REBATE_TYPES_SETUP,mdse_rebate_config,N
VRS_MDSE_BUYER,M,MAINTENANCESETUP.CONSOLIDATE_VENDORS,consolidate_vendor_mgmt,M
VRS_MDSE_BUYER,M,MAINTENANCESETUP.MDSE_VENDOR_CONTACT,mdse_vendor_contact,M
VRS_MDSE_BUYER,M,MAINTENANCESETUP.POG_MAINTENANCE,pog_maint,R
VRS_MDSE_DMM,M,REBATES.REBATE_PROGRAM,rebate_program,R
VRS_MDSE_DMM,M,REBATES.STANDARD_INVOICES,invoices,N
VRS_MDSE_DMM,M,REBATES.TREASURY_INVOICES,treasury_inv,N
VRS_MDSE_DMM,M,REBATES.BATCH_PROCESSES,extract_and_calculate,N
VRS_MDSE_DMM,M,REBATES.BATCH_REVIEW,review,N
VRS_MDSE_DMM,M,REBATES.BATCH_APPROVAL,approve,N
VRS_MDSE_DMM,M,REBATES.BATCH_FINALIZE,finalize,N
VRS_MDSE_DMM,M,REBATES.ACCT_SUMMARY,acct_summary,N
VRS_MDSE_DMM,M,REBATES.UPLOADS,upload,N
VRS_MDSE_DMM,M,REBATES.ATTACH_MULTIPLE,multi_attach,N
VRS_MDSE_DMM,M,REBATES.ON_DEMAND,on_demand_launcher,N
VRS_MDSE_DMM,M,REBATES.ON_DEMAND_PREPAID,on_demand_prepaid,N
VRS_MDSE_DMM,M,SUBSYSTEMS.ACCT_APPROVAL_QUEUE,ap_approval,N
VRS_MDSE_DMM,M,SUBSYSTEMS.SCANBACK_AUDIT,ad_funding,N
VRS_MDSE_DMM,M,SUBSYSTEMS.NDA_DASHBAORD,ndc_upload,N
VRS_MDSE_DMM,M,SUBSYSTEMS.NSA_DASHBOARD,nsa_dashboard,N
VRS_MDSE_DMM,M,SUBSYSTEMS.POST_AUDIT_UPLOAD,pa_upload,N
VRS_MDSE_DMM,M,SUBSYSTEMS.COST_CHANGE_FEE_DASHBOARD,cf_dashboard,N
VRS_MDSE_DMM,M,SUBSYSTEMS.FREIGHT_DASHBOARD,freight_dashboard,N
VRS_MDSE_DMM,M,SUBSYSTEMS.S5S5_DASHBOARD,ss_dashboard,N
VRS_MDSE_DMM,M,SUBSYSTEMS.TT_DASHBOARD,tt_dashboard,N
VRS_MDSE_DMM,M,SUBSYSTEMS.FRONT_END_DASHBOARD,fe_dashboard,N
VRS_MDSE_DMM,M,SUBSYSTEMS.BB_DASHBOARD,bb_dashboard,N
VRS_MDSE_DMM,M,SUBSYSTEMS.DG_MEDIA_UPLOAD,dgm_upload,N
VRS_MDSE_DMM,M,SUBSYSTEMS.DG_MEDIA_20,dgm_dashboard,N
VRS_MDSE_DMM,M,SUBSYSTEMS.BOPIS_DASHBOARD,bopis_dashboard,N
VRS_MDSE_DMM,M,SUBSYSTEMS.TOBACCO_ACCRUAL,tobacco_dashboard,N
VRS_MDSE_DMM,M,SUBSYSTEMS.UNSALEABLES,unsale_dashboard,N
VRS_MDSE_DMM,M,SUBSYSTEMS.CONTRACTS,vrs_contracts,N
VRS_MDSE_DMM,M,SUBSYSTEMS.VENDOR_EMAILS,vendor_emails,N
VRS_MDSE_DMM,M,SUBSYSTEMS.WRITE_OFF_UPLOAD,wo_upload,N
VRS_MDSE_DMM,M,HISTORY.HISTORY_EXTRACTS,history_extracts,N
VRS_MDSE_DMM,M,HISTORY.HISTORY_EXTRACTS_OTHER,history_extracts_other,N
VRS_MDSE_DMM,M,HISTORY.DEDUCTIONS_TAKEN,deductions,N
VRS_MDSE_DMM,M,HISTORY.CHECKS_RECEIVED,checks_received,N
VRS_MDSE_DMM,M,HISTORY.ADJUSTMENTS,adjustments,N
VRS_MDSE_DMM,M,HISTORY.BATCHES,batches,N
VRS_MDSE_DMM,M,HISTORY.AUDIT_LOG,audit_logs,M
VRS_MDSE_DMM,M,HISTORY.REPORTS,vrs_reports,M
VRS_MDSE_DMM,M,HISTORY.PERIOD_END_REPORTS,vrs_pe_reports,M
VRS_MDSE_DMM,M,HISTORY.INQUIRIES,inquiry_forms,N
VRS_MDSE_DMM,M,INQUIRY.ACCT_TRANSACTIONS,acct_trans_inq,N
VRS_MDSE_DMM,M,HISTORY.ACCRUAL_HISTORY,accrual_history,N
VRS_MDSE_DMM,M,INQUIRY.ACTUAL_BUCKETS,buckets,N
VRS_MDSE_DMM,M,INQUIRY.AGED_INQUIRY,aged_inquiry,N
VRS_MDSE_DMM,M,INQUIRY.PREPAID_INQUIRY,prepaid_inquiry,N
VRS_MDSE_DMM,M,INQUIRY.SKU_INQUIRY,sku_inquiry,N
VRS_MDSE_DMM,M,INQUIRY.OFFER_INQUIRY,offer_inquiry,N
VRS_MDSE_DMM,M,INQUIRY.VAR_SUMMARY_BY_DEPT,var_sum,N
VRS_MDSE_DMM,M,INQUIRY.ACTUAL_DAMAGES,damages_actual,N
VRS_MDSE_DMM,M,INQUIRY.DAMAGES_COMPARISON,damages_comparison,N
VRS_MDSE_DMM,M,MAINTENANCE.REBATE_TYPES,rebate_types,N
VRS_MDSE_DMM,M,MAINTENANCE.REBATE_CATEGORY,rebate_category_types,N
VRS_MDSE_DMM,M,MAINTENANCE.VENDOR_CONTACTS,vendor_contact,N
VRS_MDSE_DMM,M,MAINTENANCE.ACCOUNTING_CONTROLS,acct_control_master,N
VRS_MDSE_DMM,M,MAINTENANCE.PARAMETERS,parameters,N
VRS_MDSE_DMM,M,MAINTENANCE.REPORT_TYPES,report_types,R
VRS_MDSE_DMM,M,MAINTENANCE.SECURITY,security,N
VRS_MDSE_DMM,M,VRA_VRT.MAINTAIN_VRAVRT,fcst_rebate_program,M
VRS_MDSE_DMM,M,VRA_VRT.SETUPLINK_AGREEMENT_TO_MASTER,vendor_contract_mgmt,M
VRS_MDSE_DMM,M,VRA_VRT.EXPORT_AGMT,agreement_export,M
VRS_MDSE_DMM,M,VRA_VRT.EXPORT_TPR,tpr_export,M
VRS_MDSE_DMM,M,VRA_VRT.EXPORT_DETAILED_FORECAST,forecast_export,M
VRS_MDSE_DMM,M,VRA_VRT.LOG_VIEWER,log_viewer,M
VRS_MDSE_DMM,M,REPORTS.DEAL_VARIANCE,deal_variance_report,M
VRS_MDSE_DMM,M,REPORTS.EARNINGS,earnings_to_rec_sale,M
VRS_MDSE_DMM,M,REPORTS.REBATE_DOLLARS,rebate_dollars_by_pog,M
VRS_MDSE_DMM,M,REPORTS.BUYER_AGREEMENT_RECAP,buyer_agreement_recap,N
VRS_MDSE_DMM,M,REPORTS.PERIOD_VARIANCE,period_variance_by_vendor,M
VRS_MDSE_DMM,M,REPORTS.STANDARD_REPORT_SET,standard_report_set,M
VRS_MDSE_DMM,M,REPORTS.PLAN_REPORT_SET,standard_plan_report_set,M
VRS_MDSE_DMM,M,PLANFORECAST.FORECAST_MAINTENANCE,fcst_maint,N
VRS_MDSE_DMM,M,PLANFORECAST.FORECAST_ADJUSTMENTS,fcst_adjustment,M
VRS_MDSE_DMM,M,PLANFORECAST.PLAN_MAINTENANCE,plan_maint,N
VRS_MDSE_DMM,M,PLANFORECAST.PLAN_ADJUSTMENTS,plan_adjustment,M
VRS_MDSE_DMM,M,PLANFORECAST.CYCLE_CLOSE,fcst_cycle_close,N
VRS_MDSE_DMM,M,PLANFORECAST.PERIOD_CLOSE_VARIANCE_ANALYSIS,rebate_variance,M
VRS_MDSE_DMM,M,PLANFORECAST.VARIANCE_ANALYSIS,fcst_variance,M
VRS_MDSE_DMM,M,DASHBOARDS.BUYER_DASHBOARD,buyer_dashboard,M
VRS_MDSE_DMM,M,DASHBOARDS.DMMGMM_DASHBOARD,dmm_dashboard,M
VRS_MDSE_DMM,M,DASHBOARDS.FPA_DASHBOARD,fpa_dashboard,N
VRS_MDSE_DMM,M,DASHBOARDS.AP_APPROVAL_QUEUE,ap_approval,N
VRS_MDSE_DMM,M,DASHBOARDS.DASHBOARD_USER_MGMT,mdse_user_mgmt,N
VRS_MDSE_DMM,M,MAINTENANCESETUP.DG_RACING_DEAL_MASTER,dg_racing_program,R
VRS_MDSE_DMM,M,MAINTENANCESETUP.AD_PRINT_COOP_MASTER,ad_coop_program,R
VRS_MDSE_DMM,M,MAINTENANCESETUP.FORECAST_ID_MGMT,fcst_id_mgmt,N
VRS_MDSE_DMM,M,MAINTENANCESETUP.MERCH_REBATE_TYPES_SETUP,mdse_rebate_config,N
VRS_MDSE_DMM,M,MAINTENANCESETUP.CONSOLIDATE_VENDORS,consolidate_vendor_mgmt,R
VRS_MDSE_DMM,M,MAINTENANCESETUP.MDSE_VENDOR_CONTACT,mdse_vendor_contact,M
VRS_MDSE_DMM,M,MAINTENANCESETUP.POG_MAINTENANCE,pog_maint,R
VRS_MDSE_SVP,M,REBATES.REBATE_PROGRAM,rebate_program,R
VRS_MDSE_SVP,M,REBATES.STANDARD_INVOICES,invoices,N
VRS_MDSE_SVP,M,REBATES.TREASURY_INVOICES,treasury_inv,N
VRS_MDSE_SVP,M,REBATES.BATCH_PROCESSES,extract_and_calculate,N
VRS_MDSE_SVP,M,REBATES.BATCH_REVIEW,review,N
VRS_MDSE_SVP,M,REBATES.BATCH_APPROVAL,approve,N
VRS_MDSE_SVP,M,REBATES.BATCH_FINALIZE,finalize,N
VRS_MDSE_SVP,M,REBATES.ACCT_SUMMARY,acct_summary,N
VRS_MDSE_SVP,M,REBATES.UPLOADS,upload,N
VRS_MDSE_SVP,M,REBATES.ATTACH_MULTIPLE,multi_attach,N
VRS_MDSE_SVP,M,REBATES.ON_DEMAND,on_demand_launcher,N
VRS_MDSE_SVP,M,REBATES.ON_DEMAND_PREPAID,on_demand_prepaid,N
VRS_MDSE_SVP,M,SUBSYSTEMS.ACCT_APPROVAL_QUEUE,ap_approval,N
VRS_MDSE_SVP,M,SUBSYSTEMS.SCANBACK_AUDIT,ad_funding,N
VRS_MDSE_SVP,M,SUBSYSTEMS.NDA_DASHBAORD,ndc_upload,N
VRS_MDSE_SVP,M,SUBSYSTEMS.NSA_DASHBOARD,nsa_dashboard,N
VRS_MDSE_SVP,M,SUBSYSTEMS.POST_AUDIT_UPLOAD,pa_upload,N
VRS_MDSE_SVP,M,SUBSYSTEMS.COST_CHANGE_FEE_DASHBOARD,cf_dashboard,N
VRS_MDSE_SVP,M,SUBSYSTEMS.FREIGHT_DASHBOARD,freight_dashboard,N
VRS_MDSE_SVP,M,SUBSYSTEMS.S5S5_DASHBOARD,ss_dashboard,N
VRS_MDSE_SVP,M,SUBSYSTEMS.TT_DASHBOARD,tt_dashboard,N
VRS_MDSE_SVP,M,SUBSYSTEMS.FRONT_END_DASHBOARD,fe_dashboard,N
VRS_MDSE_SVP,M,SUBSYSTEMS.BB_DASHBOARD,bb_dashboard,N
VRS_MDSE_SVP,M,SUBSYSTEMS.DG_MEDIA_UPLOAD,dgm_upload,N
VRS_MDSE_SVP,M,SUBSYSTEMS.DG_MEDIA_20,dgm_dashboard,N
VRS_MDSE_SVP,M,SUBSYSTEMS.BOPIS_DASHBOARD,bopis_dashboard,N
VRS_MDSE_SVP,M,SUBSYSTEMS.TOBACCO_ACCRUAL,tobacco_dashboard,N
VRS_MDSE_SVP,M,SUBSYSTEMS.UNSALEABLES,unsale_dashboard,N
VRS_MDSE_SVP,M,SUBSYSTEMS.CONTRACTS,vrs_contracts,N
VRS_MDSE_SVP,M,SUBSYSTEMS.VENDOR_EMAILS,vendor_emails,N
VRS_MDSE_SVP,M,SUBSYSTEMS.WRITE_OFF_UPLOAD,wo_upload,N
VRS_MDSE_SVP,M,HISTORY.HISTORY_EXTRACTS,history_extracts,N
VRS_MDSE_SVP,M,HISTORY.HISTORY_EXTRACTS_OTHER,history_extracts_other,N
VRS_MDSE_SVP,M,HISTORY.DEDUCTIONS_TAKEN,deductions,N
VRS_MDSE_SVP,M,HISTORY.CHECKS_RECEIVED,checks_received,N
VRS_MDSE_SVP,M,HISTORY.ADJUSTMENTS,adjustments,N
VRS_MDSE_SVP,M,HISTORY.BATCHES,batches,N
VRS_MDSE_SVP,M,HISTORY.AUDIT_LOG,audit_logs,M
VRS_MDSE_SVP,M,HISTORY.REPORTS,vrs_reports,M
VRS_MDSE_SVP,M,HISTORY.PERIOD_END_REPORTS,vrs_pe_reports,M
VRS_MDSE_SVP,M,HISTORY.INQUIRIES,inquiry_forms,N
VRS_MDSE_SVP,M,INQUIRY.ACCT_TRANSACTIONS,acct_trans_inq,N
VRS_MDSE_SVP,M,HISTORY.ACCRUAL_HISTORY,accrual_history,N
VRS_MDSE_SVP,M,INQUIRY.ACTUAL_BUCKETS,buckets,N
VRS_MDSE_SVP,M,INQUIRY.AGED_INQUIRY,aged_inquiry,N
VRS_MDSE_SVP,M,INQUIRY.PREPAID_INQUIRY,prepaid_inquiry,N
VRS_MDSE_SVP,M,INQUIRY.SKU_INQUIRY,sku_inquiry,N
VRS_MDSE_SVP,M,INQUIRY.OFFER_INQUIRY,offer_inquiry,N
VRS_MDSE_SVP,M,INQUIRY.VAR_SUMMARY_BY_DEPT,var_sum,N
VRS_MDSE_SVP,M,INQUIRY.ACTUAL_DAMAGES,damages_actual,N
VRS_MDSE_SVP,M,INQUIRY.DAMAGES_COMPARISON,damages_comparison,N
VRS_MDSE_SVP,M,MAINTENANCE.REBATE_TYPES,rebate_types,N
VRS_MDSE_SVP,M,MAINTENANCE.REBATE_CATEGORY,rebate_category_types,N
VRS_MDSE_SVP,M,MAINTENANCE.VENDOR_CONTACTS,vendor_contact,N
VRS_MDSE_SVP,M,MAINTENANCE.ACCOUNTING_CONTROLS,acct_control_master,N
VRS_MDSE_SVP,M,MAINTENANCE.PARAMETERS,parameters,N
VRS_MDSE_SVP,M,MAINTENANCE.REPORT_TYPES,report_types,R
VRS_MDSE_SVP,M,MAINTENANCE.SECURITY,security,N
VRS_MDSE_SVP,M,VRA_VRT.MAINTAIN_VRAVRT,fcst_rebate_program,M
VRS_MDSE_SVP,M,VRA_VRT.SETUPLINK_AGREEMENT_TO_MASTER,vendor_contract_mgmt,M
VRS_MDSE_SVP,M,VRA_VRT.EXPORT_AGMT,agreement_export,M
VRS_MDSE_SVP,M,VRA_VRT.EXPORT_TPR,tpr_export,M
VRS_MDSE_SVP,M,VRA_VRT.EXPORT_DETAILED_FORECAST,forecast_export,M
VRS_MDSE_SVP,M,VRA_VRT.LOG_VIEWER,log_viewer,M
VRS_MDSE_SVP,M,REPORTS.DEAL_VARIANCE,deal_variance_report,M
VRS_MDSE_SVP,M,REPORTS.EARNINGS,earnings_to_rec_sale,M
VRS_MDSE_SVP,M,REPORTS.REBATE_DOLLARS,rebate_dollars_by_pog,M
VRS_MDSE_SVP,M,REPORTS.BUYER_AGREEMENT_RECAP,buyer_agreement_recap,N
VRS_MDSE_SVP,M,REPORTS.PERIOD_VARIANCE,period_variance_by_vendor,M
VRS_MDSE_SVP,M,REPORTS.STANDARD_REPORT_SET,standard_report_set,M
VRS_MDSE_SVP,M,REPORTS.PLAN_REPORT_SET,standard_plan_report_set,M
VRS_MDSE_SVP,M,PLANFORECAST.FORECAST_MAINTENANCE,fcst_maint,N
VRS_MDSE_SVP,M,PLANFORECAST.FORECAST_ADJUSTMENTS,fcst_adjustment,M
VRS_MDSE_SVP,M,PLANFORECAST.PLAN_MAINTENANCE,plan_maint,N
VRS_MDSE_SVP,M,PLANFORECAST.PLAN_ADJUSTMENTS,plan_adjustment,M
VRS_MDSE_SVP,M,PLANFORECAST.CYCLE_CLOSE,fcst_cycle_close,N
VRS_MDSE_SVP,M,PLANFORECAST.PERIOD_CLOSE_VARIANCE_ANALYSIS,rebate_variance,M
VRS_MDSE_SVP,M,PLANFORECAST.VARIANCE_ANALYSIS,fcst_variance,M
VRS_MDSE_SVP,M,DASHBOARDS.BUYER_DASHBOARD,buyer_dashboard,M
VRS_MDSE_SVP,M,DASHBOARDS.DMMGMM_DASHBOARD,dmm_dashboard,M
VRS_MDSE_SVP,M,DASHBOARDS.FPA_DASHBOARD,fpa_dashboard,N
VRS_MDSE_SVP,M,DASHBOARDS.AP_APPROVAL_QUEUE,ap_approval,N
VRS_MDSE_SVP,M,DASHBOARDS.DASHBOARD_USER_MGMT,mdse_user_mgmt,N
VRS_MDSE_SVP,M,MAINTENANCESETUP.DG_RACING_DEAL_MASTER,dg_racing_program,R
VRS_MDSE_SVP,M,MAINTENANCESETUP.AD_PRINT_COOP_MASTER,ad_coop_program,R
VRS_MDSE_SVP,M,MAINTENANCESETUP.FORECAST_ID_MGMT,fcst_id_mgmt,N
VRS_MDSE_SVP,M,MAINTENANCESETUP.MERCH_REBATE_TYPES_SETUP,mdse_rebate_config,N
VRS_MDSE_SVP,M,MAINTENANCESETUP.CONSOLIDATE_VENDORS,consolidate_vendor_mgmt,R
VRS_MDSE_SVP,M,MAINTENANCESETUP.MDSE_VENDOR_CONTACT,mdse_vendor_contact,M
VRS_MDSE_SVP,M,MAINTENANCESETUP.POG_MAINTENANCE,pog_maint,R
VRS_MDSE_USER,M,REBATES.REBATE_PROGRAM,rebate_program,R
VRS_MDSE_USER,M,REBATES.STANDARD_INVOICES,invoices,N
VRS_MDSE_USER,M,REBATES.TREASURY_INVOICES,treasury_inv,N
VRS_MDSE_USER,M,REBATES.BATCH_PROCESSES,extract_and_calculate,N
VRS_MDSE_USER,M,REBATES.BATCH_REVIEW,review,N
VRS_MDSE_USER,M,REBATES.BATCH_APPROVAL,approve,N
VRS_MDSE_USER,M,REBATES.BATCH_FINALIZE,finalize,N
VRS_MDSE_USER,M,REBATES.ACCT_SUMMARY,acct_summary,N
VRS_MDSE_USER,M,REBATES.UPLOADS,upload,M
VRS_MDSE_USER,M,REBATES.ATTACH_MULTIPLE,multi_attach,N
VRS_MDSE_USER,M,REBATES.ON_DEMAND,on_demand_launcher,N
VRS_MDSE_USER,M,REBATES.ON_DEMAND_PREPAID,on_demand_prepaid,N
VRS_MDSE_USER,M,SUBSYSTEMS.ACCT_APPROVAL_QUEUE,ap_approval,N
VRS_MDSE_USER,M,SUBSYSTEMS.SCANBACK_AUDIT,ad_funding,N
VRS_MDSE_USER,M,SUBSYSTEMS.NDA_DASHBAORD,ndc_upload,N
VRS_MDSE_USER,M,SUBSYSTEMS.NSA_DASHBOARD,nsa_dashboard,N
VRS_MDSE_USER,M,SUBSYSTEMS.POST_AUDIT_UPLOAD,pa_upload,N
VRS_MDSE_USER,M,SUBSYSTEMS.COST_CHANGE_FEE_DASHBOARD,cf_dashboard,N
VRS_MDSE_USER,M,SUBSYSTEMS.FREIGHT_DASHBOARD,freight_dashboard,N
VRS_MDSE_USER,M,SUBSYSTEMS.S5S5_DASHBOARD,ss_dashboard,N
VRS_MDSE_USER,M,SUBSYSTEMS.TT_DASHBOARD,tt_dashboard,N
VRS_MDSE_USER,M,SUBSYSTEMS.FRONT_END_DASHBOARD,fe_dashboard,N
VRS_MDSE_USER,M,SUBSYSTEMS.BB_DASHBOARD,bb_dashboard,N
VRS_MDSE_USER,M,SUBSYSTEMS.DG_MEDIA_UPLOAD,dgm_upload,N
VRS_MDSE_USER,M,SUBSYSTEMS.DG_MEDIA_20,dgm_dashboard,N
VRS_MDSE_USER,M,SUBSYSTEMS.BOPIS_DASHBOARD,bopis_dashboard,N
VRS_MDSE_USER,M,SUBSYSTEMS.TOBACCO_ACCRUAL,tobacco_dashboard,N
VRS_MDSE_USER,M,SUBSYSTEMS.UNSALEABLES,unsale_dashboard,N
VRS_MDSE_USER,M,SUBSYSTEMS.CONTRACTS,vrs_contracts,N
VRS_MDSE_USER,M,SUBSYSTEMS.VENDOR_EMAILS,vendor_emails,N
VRS_MDSE_USER,M,SUBSYSTEMS.WRITE_OFF_UPLOAD,wo_upload,N
VRS_MDSE_USER,M,HISTORY.HISTORY_EXTRACTS,history_extracts,N
VRS_MDSE_USER,M,HISTORY.HISTORY_EXTRACTS_OTHER,history_extracts_other,N
VRS_MDSE_USER,M,HISTORY.DEDUCTIONS_TAKEN,deductions,N
VRS_MDSE_USER,M,HISTORY.CHECKS_RECEIVED,checks_received,N
VRS_MDSE_USER,M,HISTORY.ADJUSTMENTS,adjustments,N
VRS_MDSE_USER,M,HISTORY.BATCHES,batches,N
VRS_MDSE_USER,M,HISTORY.AUDIT_LOG,audit_logs,M
VRS_MDSE_USER,M,HISTORY.REPORTS,vrs_reports,M
VRS_MDSE_USER,M,HISTORY.PERIOD_END_REPORTS,vrs_pe_reports,M
VRS_MDSE_USER,M,HISTORY.INQUIRIES,inquiry_forms,N
VRS_MDSE_USER,M,INQUIRY.ACCT_TRANSACTIONS,acct_trans_inq,N
VRS_MDSE_USER,M,HISTORY.ACCRUAL_HISTORY,accrual_history,N
VRS_MDSE_USER,M,INQUIRY.ACTUAL_BUCKETS,buckets,N
VRS_MDSE_USER,M,INQUIRY.AGED_INQUIRY,aged_inquiry,N
VRS_MDSE_USER,M,INQUIRY.PREPAID_INQUIRY,prepaid_inquiry,N
VRS_MDSE_USER,M,INQUIRY.SKU_INQUIRY,sku_inquiry,N
VRS_MDSE_USER,M,INQUIRY.OFFER_INQUIRY,offer_inquiry,N
VRS_MDSE_USER,M,INQUIRY.VAR_SUMMARY_BY_DEPT,var_sum,N
VRS_MDSE_USER,M,INQUIRY.ACTUAL_DAMAGES,damages_actual,N
VRS_MDSE_USER,M,INQUIRY.DAMAGES_COMPARISON,damages_comparison,N
VRS_MDSE_USER,M,MAINTENANCE.REBATE_TYPES,rebate_types,N
VRS_MDSE_USER,M,MAINTENANCE.REBATE_CATEGORY,rebate_category_types,N
VRS_MDSE_USER,M,MAINTENANCE.VENDOR_CONTACTS,vendor_contact,N
VRS_MDSE_USER,M,MAINTENANCE.ACCOUNTING_CONTROLS,acct_control_master,N
VRS_MDSE_USER,M,MAINTENANCE.PARAMETERS,parameters,N
VRS_MDSE_USER,M,MAINTENANCE.REPORT_TYPES,report_types,R
VRS_MDSE_USER,M,MAINTENANCE.SECURITY,security,N
VRS_MDSE_USER,M,VRA_VRT.MAINTAIN_VRAVRT,fcst_rebate_program,M
VRS_MDSE_USER,M,VRA_VRT.SETUPLINK_AGREEMENT_TO_MASTER,vendor_contract_mgmt,M
VRS_MDSE_USER,M,VRA_VRT.EXPORT_AGMT,agreement_export,M
VRS_MDSE_USER,M,VRA_VRT.EXPORT_TPR,tpr_export,M
VRS_MDSE_USER,M,VRA_VRT.EXPORT_DETAILED_FORECAST,forecast_export,M
VRS_MDSE_USER,M,VRA_VRT.LOG_VIEWER,log_viewer,M
VRS_MDSE_USER,M,REPORTS.DEAL_VARIANCE,deal_variance_report,M
VRS_MDSE_USER,M,REPORTS.EARNINGS,earnings_to_rec_sale,M
VRS_MDSE_USER,M,REPORTS.REBATE_DOLLARS,rebate_dollars_by_pog,M
VRS_MDSE_USER,M,REPORTS.BUYER_AGREEMENT_RECAP,buyer_agreement_recap,N
VRS_MDSE_USER,M,REPORTS.PERIOD_VARIANCE,period_variance_by_vendor,M
VRS_MDSE_USER,M,REPORTS.STANDARD_REPORT_SET,standard_report_set,M
VRS_MDSE_USER,M,REPORTS.PLAN_REPORT_SET,standard_plan_report_set,M
VRS_MDSE_USER,M,PLANFORECAST.FORECAST_MAINTENANCE,fcst_maint,N
VRS_MDSE_USER,M,PLANFORECAST.FORECAST_ADJUSTMENTS,fcst_adjustment,M
VRS_MDSE_USER,M,PLANFORECAST.PLAN_MAINTENANCE,plan_maint,N
VRS_MDSE_USER,M,PLANFORECAST.PLAN_ADJUSTMENTS,plan_adjustment,M
VRS_MDSE_USER,M,PLANFORECAST.CYCLE_CLOSE,fcst_cycle_close,N
VRS_MDSE_USER,M,PLANFORECAST.PERIOD_CLOSE_VARIANCE_ANALYSIS,rebate_variance,M
VRS_MDSE_USER,M,PLANFORECAST.VARIANCE_ANALYSIS,fcst_variance,M
VRS_MDSE_USER,M,DASHBOARDS.BUYER_DASHBOARD,buyer_dashboard,M
VRS_MDSE_USER,M,DASHBOARDS.DMMGMM_DASHBOARD,dmm_dashboard,M
VRS_MDSE_USER,M,DASHBOARDS.FPA_DASHBOARD,fpa_dashboard,N
VRS_MDSE_USER,M,DASHBOARDS.AP_APPROVAL_QUEUE,ap_approval,N
VRS_MDSE_USER,M,DASHBOARDS.DASHBOARD_USER_MGMT,mdse_user_mgmt,N
VRS_MDSE_USER,M,MAINTENANCESETUP.DG_RACING_DEAL_MASTER,dg_racing_program,R
VRS_MDSE_USER,M,MAINTENANCESETUP.AD_PRINT_COOP_MASTER,ad_coop_program,R
VRS_MDSE_USER,M,MAINTENANCESETUP.FORECAST_ID_MGMT,fcst_id_mgmt,N
VRS_MDSE_USER,M,MAINTENANCESETUP.MERCH_REBATE_TYPES_SETUP,mdse_rebate_config,N
VRS_MDSE_USER,M,MAINTENANCESETUP.CONSOLIDATE_VENDORS,consolidate_vendor_mgmt,R
VRS_MDSE_USER,M,MAINTENANCESETUP.MDSE_VENDOR_CONTACT,mdse_vendor_contact,M
VRS_MDSE_USER,M,MAINTENANCESETUP.POG_MAINTENANCE,pog_maint,R
VRS_MDSE_VENDOR_CONTACTS,A,REBATES.REBATE_PROGRAM,rebate_program,N
VRS_MDSE_VENDOR_CONTACTS,A,REBATES.STANDARD_INVOICES,invoices,N
VRS_MDSE_VENDOR_CONTACTS,A,REBATES.TREASURY_INVOICES,treasury_inv,N
VRS_MDSE_VENDOR_CONTACTS,A,REBATES.BATCH_PROCESSES,extract_and_calculate,N
VRS_MDSE_VENDOR_CONTACTS,A,REBATES.BATCH_REVIEW,review,N
VRS_MDSE_VENDOR_CONTACTS,A,REBATES.BATCH_APPROVAL,approve,N
VRS_MDSE_VENDOR_CONTACTS,A,REBATES.BATCH_FINALIZE,finalize,N
VRS_MDSE_VENDOR_CONTACTS,A,REBATES.ACCT_SUMMARY,acct_summary,N
VRS_MDSE_VENDOR_CONTACTS,A,REBATES.UPLOADS,upload,N
VRS_MDSE_VENDOR_CONTACTS,A,REBATES.ATTACH_MULTIPLE,multi_attach,N
VRS_MDSE_VENDOR_CONTACTS,A,REBATES.ON_DEMAND,on_demand_launcher,N
VRS_MDSE_VENDOR_CONTACTS,A,REBATES.ON_DEMAND_PREPAID,on_demand_prepaid,N
VRS_MDSE_VENDOR_CONTACTS,A,SUBSYSTEMS.ACCT_APPROVAL_QUEUE,ap_approval,N
VRS_MDSE_VENDOR_CONTACTS,A,SUBSYSTEMS.SCANBACK_AUDIT,ad_funding,N
VRS_MDSE_VENDOR_CONTACTS,A,SUBSYSTEMS.NDA_DASHBAORD,ndc_upload,N
VRS_MDSE_VENDOR_CONTACTS,A,SUBSYSTEMS.NSA_DASHBOARD,nsa_dashboard,N
VRS_MDSE_VENDOR_CONTACTS,A,SUBSYSTEMS.POST_AUDIT_UPLOAD,pa_upload,M
VRS_MDSE_VENDOR_CONTACTS,A,SUBSYSTEMS.COST_CHANGE_FEE_DASHBOARD,cf_dashboard,N
VRS_MDSE_VENDOR_CONTACTS,A,SUBSYSTEMS.FREIGHT_DASHBOARD,freight_dashboard,N
VRS_MDSE_VENDOR_CONTACTS,A,SUBSYSTEMS.S5S5_DASHBOARD,ss_dashboard,N
VRS_MDSE_VENDOR_CONTACTS,A,SUBSYSTEMS.TT_DASHBOARD,tt_dashboard,N
VRS_MDSE_VENDOR_CONTACTS,A,SUBSYSTEMS.FRONT_END_DASHBOARD,fe_dashboard,N
VRS_MDSE_VENDOR_CONTACTS,A,SUBSYSTEMS.BB_DASHBOARD,bb_dashboard,N
VRS_MDSE_VENDOR_CONTACTS,A,SUBSYSTEMS.DG_MEDIA_UPLOAD,dgm_upload,N
VRS_MDSE_VENDOR_CONTACTS,A,SUBSYSTEMS.DG_MEDIA_20,dgm_dashboard,N
VRS_MDSE_VENDOR_CONTACTS,A,SUBSYSTEMS.BOPIS_DASHBOARD,bopis_dashboard,N
VRS_MDSE_VENDOR_CONTACTS,A,SUBSYSTEMS.TOBACCO_ACCRUAL,tobacco_dashboard,N
VRS_MDSE_VENDOR_CONTACTS,A,SUBSYSTEMS.UNSALEABLES,unsale_dashboard,N
VRS_MDSE_VENDOR_CONTACTS,A,SUBSYSTEMS.CONTRACTS,vrs_contracts,N
VRS_MDSE_VENDOR_CONTACTS,A,SUBSYSTEMS.VENDOR_EMAILS,vendor_emails,N
VRS_MDSE_VENDOR_CONTACTS,A,SUBSYSTEMS.WRITE_OFF_UPLOAD,wo_upload,N
VRS_MDSE_VENDOR_CONTACTS,A,HISTORY.HISTORY_EXTRACTS,history_extracts,N
VRS_MDSE_VENDOR_CONTACTS,A,HISTORY.HISTORY_EXTRACTS_OTHER,history_extracts_other,N
VRS_MDSE_VENDOR_CONTACTS,A,HISTORY.DEDUCTIONS_TAKEN,deductions,N
VRS_MDSE_VENDOR_CONTACTS,A,HISTORY.CHECKS_RECEIVED,checks_received,N
VRS_MDSE_VENDOR_CONTACTS,A,HISTORY.ADJUSTMENTS,adjustments,N
VRS_MDSE_VENDOR_CONTACTS,A,HISTORY.BATCHES,batches,N
VRS_MDSE_VENDOR_CONTACTS,A,HISTORY.AUDIT_LOG,audit_logs,N
VRS_MDSE_VENDOR_CONTACTS,A,HISTORY.REPORTS,vrs_reports,N
VRS_MDSE_VENDOR_CONTACTS,A,HISTORY.PERIOD_END_REPORTS,vrs_pe_reports,N
VRS_MDSE_VENDOR_CONTACTS,A,HISTORY.INQUIRIES,inquiry_forms,N
VRS_MDSE_VENDOR_CONTACTS,A,INQUIRY.ACCT_TRANSACTIONS,acct_trans_inq,N
VRS_MDSE_VENDOR_CONTACTS,A,HISTORY.ACCRUAL_HISTORY,accrual_history,N
VRS_MDSE_VENDOR_CONTACTS,A,INQUIRY.ACTUAL_BUCKETS,buckets,N
VRS_MDSE_VENDOR_CONTACTS,A,INQUIRY.AGED_INQUIRY,aged_inquiry,N
VRS_MDSE_VENDOR_CONTACTS,A,INQUIRY.PREPAID_INQUIRY,prepaid_inquiry,N
VRS_MDSE_VENDOR_CONTACTS,A,INQUIRY.SKU_INQUIRY,sku_inquiry,N
VRS_MDSE_VENDOR_CONTACTS,A,INQUIRY.OFFER_INQUIRY,offer_inquiry,N
VRS_MDSE_VENDOR_CONTACTS,A,INQUIRY.VAR_SUMMARY_BY_DEPT,var_sum,N
VRS_MDSE_VENDOR_CONTACTS,A,INQUIRY.ACTUAL_DAMAGES,damages_actual,N
VRS_MDSE_VENDOR_CONTACTS,A,INQUIRY.DAMAGES_COMPARISON,damages_comparison,N
VRS_MDSE_VENDOR_CONTACTS,A,MAINTENANCE.REBATE_TYPES,rebate_types,N
VRS_MDSE_VENDOR_CONTACTS,A,MAINTENANCE.REBATE_CATEGORY,rebate_category_types,N
VRS_MDSE_VENDOR_CONTACTS,A,MAINTENANCE.VENDOR_CONTACTS,vendor_contact,N
VRS_MDSE_VENDOR_CONTACTS,A,MAINTENANCE.ACCOUNTING_CONTROLS,acct_control_master,N
VRS_MDSE_VENDOR_CONTACTS,A,MAINTENANCE.PARAMETERS,parameters,N
VRS_MDSE_VENDOR_CONTACTS,A,MAINTENANCE.REPORT_TYPES,report_types,N
VRS_MDSE_VENDOR_CONTACTS,A,MAINTENANCE.SECURITY,security,N
VRS_MDSE_VENDOR_CONTACTS,A,VRA_VRT.MAINTAIN_VRAVRT,fcst_rebate_program,N
VRS_MDSE_VENDOR_CONTACTS,A,VRA_VRT.SETUPLINK_AGREEMENT_TO_MASTER,vendor_contract_mgmt,N
VRS_MDSE_VENDOR_CONTACTS,A,VRA_VRT.EXPORT_AGMT,agreement_export,N
VRS_MDSE_VENDOR_CONTACTS,A,VRA_VRT.EXPORT_TPR,tpr_export,N
VRS_MDSE_VENDOR_CONTACTS,A,VRA_VRT.EXPORT_DETAILED_FORECAST,forecast_export,N
VRS_MDSE_VENDOR_CONTACTS,A,VRA_VRT.LOG_VIEWER,log_viewer,N
VRS_MDSE_VENDOR_CONTACTS,A,REPORTS.DEAL_VARIANCE,deal_variance_report,N
VRS_MDSE_VENDOR_CONTACTS,A,REPORTS.EARNINGS,earnings_to_rec_sale,N
VRS_MDSE_VENDOR_CONTACTS,A,REPORTS.REBATE_DOLLARS,rebate_dollars_by_pog,N
VRS_MDSE_VENDOR_CONTACTS,A,REPORTS.BUYER_AGREEMENT_RECAP,buyer_agreement_recap,N
VRS_MDSE_VENDOR_CONTACTS,A,REPORTS.PERIOD_VARIANCE,period_variance_by_vendor,N
VRS_MDSE_VENDOR_CONTACTS,A,REPORTS.STANDARD_REPORT_SET,standard_report_set,N
VRS_MDSE_VENDOR_CONTACTS,A,REPORTS.PLAN_REPORT_SET,standard_plan_report_set,N
VRS_MDSE_VENDOR_CONTACTS,A,PLANFORECAST.FORECAST_MAINTENANCE,fcst_maint,N
VRS_MDSE_VENDOR_CONTACTS,A,PLANFORECAST.FORECAST_ADJUSTMENTS,fcst_adjustment,N
VRS_MDSE_VENDOR_CONTACTS,A,PLANFORECAST.PLAN_MAINTENANCE,plan_maint,N
VRS_MDSE_VENDOR_CONTACTS,A,PLANFORECAST.PLAN_ADJUSTMENTS,plan_adjustment,N
VRS_MDSE_VENDOR_CONTACTS,A,PLANFORECAST.CYCLE_CLOSE,fcst_cycle_close,N
VRS_MDSE_VENDOR_CONTACTS,A,PLANFORECAST.PERIOD_CLOSE_VARIANCE_ANALYSIS,rebate_variance,N
VRS_MDSE_VENDOR_CONTACTS,A,PLANFORECAST.VARIANCE_ANALYSIS,fcst_variance,N
VRS_MDSE_VENDOR_CONTACTS,A,DASHBOARDS.BUYER_DASHBOARD,buyer_dashboard,N
VRS_MDSE_VENDOR_CONTACTS,A,DASHBOARDS.DMMGMM_DASHBOARD,dmm_dashboard,N
VRS_MDSE_VENDOR_CONTACTS,A,DASHBOARDS.FPA_DASHBOARD,fpa_dashboard,N
VRS_MDSE_VENDOR_CONTACTS,A,DASHBOARDS.AP_APPROVAL_QUEUE,ap_approval,N
VRS_MDSE_VENDOR_CONTACTS,A,DASHBOARDS.DASHBOARD_USER_MGMT,mdse_user_mgmt,N
VRS_MDSE_VENDOR_CONTACTS,A,MAINTENANCESETUP.DG_RACING_DEAL_MASTER,dg_racing_program,N
VRS_MDSE_VENDOR_CONTACTS,A,MAINTENANCESETUP.AD_PRINT_COOP_MASTER,ad_coop_program,N
VRS_MDSE_VENDOR_CONTACTS,A,MAINTENANCESETUP.FORECAST_ID_MGMT,fcst_id_mgmt,N
VRS_MDSE_VENDOR_CONTACTS,A,MAINTENANCESETUP.MERCH_REBATE_TYPES_SETUP,mdse_rebate_config,N
VRS_MDSE_VENDOR_CONTACTS,A,MAINTENANCESETUP.CONSOLIDATE_VENDORS,consolidate_vendor_mgmt,N
VRS_MDSE_VENDOR_CONTACTS,A,MAINTENANCESETUP.MDSE_VENDOR_CONTACT,mdse_vendor_contact,M
VRS_MDSE_VENDOR_CONTACTS,A,MAINTENANCESETUP.POG_MAINTENANCE,pog_maint,N
VRS_MKTING,M,REBATES.REBATE_PROGRAM,rebate_program,R
VRS_MKTING,M,REBATES.STANDARD_INVOICES,invoices,N
VRS_MKTING,M,REBATES.TREASURY_INVOICES,treasury_inv,N
VRS_MKTING,M,REBATES.BATCH_PROCESSES,extract_and_calculate,N
VRS_MKTING,M,REBATES.BATCH_REVIEW,review,N
VRS_MKTING,M,REBATES.BATCH_APPROVAL,approve,N
VRS_MKTING,M,REBATES.BATCH_FINALIZE,finalize,N
VRS_MKTING,M,REBATES.ACCT_SUMMARY,acct_summary,N
VRS_MKTING,M,REBATES.UPLOADS,upload,M
VRS_MKTING,M,REBATES.ATTACH_MULTIPLE,multi_attach,N
VRS_MKTING,M,REBATES.ON_DEMAND,on_demand_launcher,N
VRS_MKTING,M,REBATES.ON_DEMAND_PREPAID,on_demand_prepaid,N
VRS_MKTING,M,SUBSYSTEMS.ACCT_APPROVAL_QUEUE,ap_approval,N
VRS_MKTING,M,SUBSYSTEMS.SCANBACK_AUDIT,ad_funding,N
VRS_MKTING,M,SUBSYSTEMS.NDA_DASHBAORD,ndc_upload,N
VRS_MKTING,M,SUBSYSTEMS.NSA_DASHBOARD,nsa_dashboard,N
VRS_MKTING,M,SUBSYSTEMS.POST_AUDIT_UPLOAD,pa_upload,N
VRS_MKTING,M,SUBSYSTEMS.COST_CHANGE_FEE_DASHBOARD,cf_dashboard,N
VRS_MKTING,M,SUBSYSTEMS.FREIGHT_DASHBOARD,freight_dashboard,N
VRS_MKTING,M,SUBSYSTEMS.S5S5_DASHBOARD,ss_dashboard,N
VRS_MKTING,M,SUBSYSTEMS.TT_DASHBOARD,tt_dashboard,N
VRS_MKTING,M,SUBSYSTEMS.FRONT_END_DASHBOARD,fe_dashboard,N
VRS_MKTING,M,SUBSYSTEMS.BB_DASHBOARD,bb_dashboard,N
VRS_MKTING,M,SUBSYSTEMS.DG_MEDIA_UPLOAD,dgm_upload,N
VRS_MKTING,M,SUBSYSTEMS.DG_MEDIA_20,dgm_dashboard,N
VRS_MKTING,M,SUBSYSTEMS.BOPIS_DASHBOARD,bopis_dashboard,N
VRS_MKTING,M,SUBSYSTEMS.TOBACCO_ACCRUAL,tobacco_dashboard,N
VRS_MKTING,M,SUBSYSTEMS.UNSALEABLES,unsale_dashboard,N
VRS_MKTING,M,SUBSYSTEMS.CONTRACTS,vrs_contracts,N
VRS_MKTING,M,SUBSYSTEMS.VENDOR_EMAILS,vendor_emails,N
VRS_MKTING,M,SUBSYSTEMS.WRITE_OFF_UPLOAD,wo_upload,N
VRS_MKTING,M,HISTORY.HISTORY_EXTRACTS,history_extracts,N
VRS_MKTING,M,HISTORY.HISTORY_EXTRACTS_OTHER,history_extracts_other,N
VRS_MKTING,M,HISTORY.DEDUCTIONS_TAKEN,deductions,N
VRS_MKTING,M,HISTORY.CHECKS_RECEIVED,checks_received,N
VRS_MKTING,M,HISTORY.ADJUSTMENTS,adjustments,N
VRS_MKTING,M,HISTORY.BATCHES,batches,N
VRS_MKTING,M,HISTORY.AUDIT_LOG,audit_logs,M
VRS_MKTING,M,HISTORY.REPORTS,vrs_reports,M
VRS_MKTING,M,HISTORY.PERIOD_END_REPORTS,vrs_pe_reports,M
VRS_MKTING,M,HISTORY.INQUIRIES,inquiry_forms,N
VRS_MKTING,M,INQUIRY.ACCT_TRANSACTIONS,acct_trans_inq,N
VRS_MKTING,M,HISTORY.ACCRUAL_HISTORY,accrual_history,N
VRS_MKTING,M,INQUIRY.ACTUAL_BUCKETS,buckets,N
VRS_MKTING,M,INQUIRY.AGED_INQUIRY,aged_inquiry,N
VRS_MKTING,M,INQUIRY.PREPAID_INQUIRY,prepaid_inquiry,N
VRS_MKTING,M,INQUIRY.SKU_INQUIRY,sku_inquiry,N
VRS_MKTING,M,INQUIRY.OFFER_INQUIRY,offer_inquiry,N
VRS_MKTING,M,INQUIRY.VAR_SUMMARY_BY_DEPT,var_sum,N
VRS_MKTING,M,INQUIRY.ACTUAL_DAMAGES,damages_actual,N
VRS_MKTING,M,INQUIRY.DAMAGES_COMPARISON,damages_comparison,N
VRS_MKTING,M,MAINTENANCE.REBATE_TYPES,rebate_types,N
VRS_MKTING,M,MAINTENANCE.REBATE_CATEGORY,rebate_category_types,N
VRS_MKTING,M,MAINTENANCE.VENDOR_CONTACTS,vendor_contact,N
VRS_MKTING,M,MAINTENANCE.ACCOUNTING_CONTROLS,acct_control_master,N
VRS_MKTING,M,MAINTENANCE.PARAMETERS,parameters,N
VRS_MKTING,M,MAINTENANCE.REPORT_TYPES,report_types,N
VRS_MKTING,M,MAINTENANCE.SECURITY,security,N
VRS_MKTING,M,VRA_VRT.MAINTAIN_VRAVRT,fcst_rebate_program,M
VRS_MKTING,M,VRA_VRT.SETUPLINK_AGREEMENT_TO_MASTER,vendor_contract_mgmt,R
VRS_MKTING,M,VRA_VRT.EXPORT_AGMT,agreement_export,M
VRS_MKTING,M,VRA_VRT.EXPORT_TPR,tpr_export,N
VRS_MKTING,M,VRA_VRT.EXPORT_DETAILED_FORECAST,forecast_export,M
VRS_MKTING,M,VRA_VRT.LOG_VIEWER,log_viewer,M
VRS_MKTING,M,REPORTS.DEAL_VARIANCE,deal_variance_report,M
VRS_MKTING,M,REPORTS.EARNINGS,earnings_to_rec_sale,M
VRS_MKTING,M,REPORTS.REBATE_DOLLARS,rebate_dollars_by_pog,M
VRS_MKTING,M,REPORTS.BUYER_AGREEMENT_RECAP,buyer_agreement_recap,N
VRS_MKTING,M,REPORTS.PERIOD_VARIANCE,period_variance_by_vendor,M
VRS_MKTING,M,REPORTS.STANDARD_REPORT_SET,standard_report_set,M
VRS_MKTING,M,REPORTS.PLAN_REPORT_SET,standard_plan_report_set,M
VRS_MKTING,M,PLANFORECAST.FORECAST_MAINTENANCE,fcst_maint,N
VRS_MKTING,M,PLANFORECAST.FORECAST_ADJUSTMENTS,fcst_adjustment,M
VRS_MKTING,M,PLANFORECAST.PLAN_MAINTENANCE,plan_maint,N
VRS_MKTING,M,PLANFORECAST.PLAN_ADJUSTMENTS,plan_adjustment,N
VRS_MKTING,M,PLANFORECAST.CYCLE_CLOSE,fcst_cycle_close,N
VRS_MKTING,M,PLANFORECAST.PERIOD_CLOSE_VARIANCE_ANALYSIS,rebate_variance,M
VRS_MKTING,M,PLANFORECAST.VARIANCE_ANALYSIS,fcst_variance,M
VRS_MKTING,M,DASHBOARDS.BUYER_DASHBOARD,buyer_dashboard,M
VRS_MKTING,M,DASHBOARDS.DMMGMM_DASHBOARD,dmm_dashboard,M
VRS_MKTING,M,DASHBOARDS.FPA_DASHBOARD,fpa_dashboard,N
VRS_MKTING,M,DASHBOARDS.AP_APPROVAL_QUEUE,ap_approval,N
VRS_MKTING,M,DASHBOARDS.DASHBOARD_USER_MGMT,mdse_user_mgmt,N
VRS_MKTING,M,MAINTENANCESETUP.DG_RACING_DEAL_MASTER,dg_racing_program,N
VRS_MKTING,M,MAINTENANCESETUP.AD_PRINT_COOP_MASTER,ad_coop_program,M
VRS_MKTING,M,MAINTENANCESETUP.FORECAST_ID_MGMT,fcst_id_mgmt,N
VRS_MKTING,M,MAINTENANCESETUP.MERCH_REBATE_TYPES_SETUP,mdse_rebate_config,N
VRS_MKTING,M,MAINTENANCESETUP.CONSOLIDATE_VENDORS,consolidate_vendor_mgmt,N
VRS_MKTING,M,MAINTENANCESETUP.MDSE_VENDOR_CONTACT,mdse_vendor_contact,R
VRS_MKTING,M,MAINTENANCESETUP.POG_MAINTENANCE,pog_maint,R
VRS_PRICING,M,REBATES.REBATE_PROGRAM,rebate_program,R
VRS_PRICING,M,REBATES.STANDARD_INVOICES,invoices,N
VRS_PRICING,M,REBATES.TREASURY_INVOICES,treasury_inv,N
VRS_PRICING,M,REBATES.BATCH_PROCESSES,extract_and_calculate,N
VRS_PRICING,M,REBATES.BATCH_REVIEW,review,N
VRS_PRICING,M,REBATES.BATCH_APPROVAL,approve,N
VRS_PRICING,M,REBATES.BATCH_FINALIZE,finalize,N
VRS_PRICING,M,REBATES.ACCT_SUMMARY,acct_summary,N
VRS_PRICING,M,REBATES.UPLOADS,upload,M
VRS_PRICING,M,REBATES.ATTACH_MULTIPLE,multi_attach,N
VRS_PRICING,M,REBATES.ON_DEMAND,on_demand_launcher,N
VRS_PRICING,M,REBATES.ON_DEMAND_PREPAID,on_demand_prepaid,N
VRS_PRICING,M,SUBSYSTEMS.ACCT_APPROVAL_QUEUE,ap_approval,N
VRS_PRICING,M,SUBSYSTEMS.SCANBACK_AUDIT,ad_funding,N
VRS_PRICING,M,SUBSYSTEMS.NDA_DASHBAORD,ndc_upload,N
VRS_PRICING,M,SUBSYSTEMS.NSA_DASHBOARD,nsa_dashboard,N
VRS_PRICING,M,SUBSYSTEMS.POST_AUDIT_UPLOAD,pa_upload,N
VRS_PRICING,M,SUBSYSTEMS.COST_CHANGE_FEE_DASHBOARD,cf_dashboard,N
VRS_PRICING,M,SUBSYSTEMS.FREIGHT_DASHBOARD,freight_dashboard,N
VRS_PRICING,M,SUBSYSTEMS.S5S5_DASHBOARD,ss_dashboard,N
VRS_PRICING,M,SUBSYSTEMS.TT_DASHBOARD,tt_dashboard,N
VRS_PRICING,M,SUBSYSTEMS.FRONT_END_DASHBOARD,fe_dashboard,N
VRS_PRICING,M,SUBSYSTEMS.BB_DASHBOARD,bb_dashboard,N
VRS_PRICING,M,SUBSYSTEMS.DG_MEDIA_UPLOAD,dgm_upload,N
VRS_PRICING,M,SUBSYSTEMS.DG_MEDIA_20,dgm_dashboard,N
VRS_PRICING,M,SUBSYSTEMS.BOPIS_DASHBOARD,bopis_dashboard,N
VRS_PRICING,M,SUBSYSTEMS.TOBACCO_ACCRUAL,tobacco_dashboard,N
VRS_PRICING,M,SUBSYSTEMS.UNSALEABLES,unsale_dashboard,N
VRS_PRICING,M,SUBSYSTEMS.CONTRACTS,vrs_contracts,N
VRS_PRICING,M,SUBSYSTEMS.VENDOR_EMAILS,vendor_emails,N
VRS_PRICING,M,SUBSYSTEMS.WRITE_OFF_UPLOAD,wo_upload,N
VRS_PRICING,M,HISTORY.HISTORY_EXTRACTS,history_extracts,N
VRS_PRICING,M,HISTORY.HISTORY_EXTRACTS_OTHER,history_extracts_other,N
VRS_PRICING,M,HISTORY.DEDUCTIONS_TAKEN,deductions,N
VRS_PRICING,M,HISTORY.CHECKS_RECEIVED,checks_received,N
VRS_PRICING,M,HISTORY.ADJUSTMENTS,adjustments,N
VRS_PRICING,M,HISTORY.BATCHES,batches,N
VRS_PRICING,M,HISTORY.AUDIT_LOG,audit_logs,M
VRS_PRICING,M,HISTORY.REPORTS,vrs_reports,M
VRS_PRICING,M,HISTORY.PERIOD_END_REPORTS,vrs_pe_reports,M
VRS_PRICING,M,HISTORY.INQUIRIES,inquiry_forms,N
VRS_PRICING,M,INQUIRY.ACCT_TRANSACTIONS,acct_trans_inq,N
VRS_PRICING,M,HISTORY.ACCRUAL_HISTORY,accrual_history,N
VRS_PRICING,M,INQUIRY.ACTUAL_BUCKETS,buckets,N
VRS_PRICING,M,INQUIRY.AGED_INQUIRY,aged_inquiry,N
VRS_PRICING,M,INQUIRY.PREPAID_INQUIRY,prepaid_inquiry,N
VRS_PRICING,M,INQUIRY.SKU_INQUIRY,sku_inquiry,N
VRS_PRICING,M,INQUIRY.OFFER_INQUIRY,offer_inquiry,N
VRS_PRICING,M,INQUIRY.VAR_SUMMARY_BY_DEPT,var_sum,N
VRS_PRICING,M,INQUIRY.ACTUAL_DAMAGES,damages_actual,N
VRS_PRICING,M,INQUIRY.DAMAGES_COMPARISON,damages_comparison,N
VRS_PRICING,M,MAINTENANCE.REBATE_TYPES,rebate_types,N
VRS_PRICING,M,MAINTENANCE.REBATE_CATEGORY,rebate_category_types,N
VRS_PRICING,M,MAINTENANCE.VENDOR_CONTACTS,vendor_contact,N
VRS_PRICING,M,MAINTENANCE.ACCOUNTING_CONTROLS,acct_control_master,N
VRS_PRICING,M,MAINTENANCE.PARAMETERS,parameters,N
VRS_PRICING,M,MAINTENANCE.REPORT_TYPES,report_types,N
VRS_PRICING,M,MAINTENANCE.SECURITY,security,N
VRS_PRICING,M,VRA_VRT.MAINTAIN_VRAVRT,fcst_rebate_program,M
VRS_PRICING,M,VRA_VRT.SETUPLINK_AGREEMENT_TO_MASTER,vendor_contract_mgmt,R
VRS_PRICING,M,VRA_VRT.EXPORT_AGMT,agreement_export,M
VRS_PRICING,M,VRA_VRT.EXPORT_TPR,tpr_export,M
VRS_PRICING,M,VRA_VRT.EXPORT_DETAILED_FORECAST,forecast_export,M
VRS_PRICING,M,VRA_VRT.LOG_VIEWER,log_viewer,M
VRS_PRICING,M,REPORTS.DEAL_VARIANCE,deal_variance_report,M
VRS_PRICING,M,REPORTS.EARNINGS,earnings_to_rec_sale,M
VRS_PRICING,M,REPORTS.REBATE_DOLLARS,rebate_dollars_by_pog,M
VRS_PRICING,M,REPORTS.BUYER_AGREEMENT_RECAP,buyer_agreement_recap,N
VRS_PRICING,M,REPORTS.PERIOD_VARIANCE,period_variance_by_vendor,M
VRS_PRICING,M,REPORTS.STANDARD_REPORT_SET,standard_report_set,M
VRS_PRICING,M,REPORTS.PLAN_REPORT_SET,standard_plan_report_set,M
VRS_PRICING,M,PLANFORECAST.FORECAST_MAINTENANCE,fcst_maint,N
VRS_PRICING,M,PLANFORECAST.FORECAST_ADJUSTMENTS,fcst_adjustment,M
VRS_PRICING,M,PLANFORECAST.PLAN_MAINTENANCE,plan_maint,N
VRS_PRICING,M,PLANFORECAST.PLAN_ADJUSTMENTS,plan_adjustment,N
VRS_PRICING,M,PLANFORECAST.CYCLE_CLOSE,fcst_cycle_close,N
VRS_PRICING,M,PLANFORECAST.PERIOD_CLOSE_VARIANCE_ANALYSIS,rebate_variance,M
VRS_PRICING,M,PLANFORECAST.VARIANCE_ANALYSIS,fcst_variance,M
VRS_PRICING,M,DASHBOARDS.BUYER_DASHBOARD,buyer_dashboard,M
VRS_PRICING,M,DASHBOARDS.DMMGMM_DASHBOARD,dmm_dashboard,M
VRS_PRICING,M,DASHBOARDS.FPA_DASHBOARD,fpa_dashboard,N
VRS_PRICING,M,DASHBOARDS.AP_APPROVAL_QUEUE,ap_approval,N
VRS_PRICING,M,DASHBOARDS.DASHBOARD_USER_MGMT,mdse_user_mgmt,N
VRS_PRICING,M,MAINTENANCESETUP.DG_RACING_DEAL_MASTER,dg_racing_program,N
VRS_PRICING,M,MAINTENANCESETUP.AD_PRINT_COOP_MASTER,ad_coop_program,N
VRS_PRICING,M,MAINTENANCESETUP.FORECAST_ID_MGMT,fcst_id_mgmt,N
VRS_PRICING,M,MAINTENANCESETUP.MERCH_REBATE_TYPES_SETUP,mdse_rebate_config,N
VRS_PRICING,M,MAINTENANCESETUP.CONSOLIDATE_VENDORS,consolidate_vendor_mgmt,N
VRS_PRICING,M,MAINTENANCESETUP.MDSE_VENDOR_CONTACT,mdse_vendor_contact,R
VRS_PRICING,M,MAINTENANCESETUP.POG_MAINTENANCE,pog_maint,R
VRS_SUPERVISOR,A,REBATES.REBATE_PROGRAM,rebate_program,M
VRS_SUPERVISOR,A,REBATES.STANDARD_INVOICES,invoices,M
VRS_SUPERVISOR,A,REBATES.TREASURY_INVOICES,treasury_inv,M
VRS_SUPERVISOR,A,REBATES.BATCH_PROCESSES,extract_and_calculate,M
VRS_SUPERVISOR,A,REBATES.BATCH_REVIEW,review,R
VRS_SUPERVISOR,A,REBATES.BATCH_APPROVAL,approve,R
VRS_SUPERVISOR,A,REBATES.BATCH_FINALIZE,finalize,R
VRS_SUPERVISOR,A,REBATES.ACCT_SUMMARY,acct_summary,M
VRS_SUPERVISOR,A,REBATES.UPLOADS,upload,M
VRS_SUPERVISOR,A,REBATES.ATTACH_MULTIPLE,multi_attach,M
VRS_SUPERVISOR,A,REBATES.ON_DEMAND,on_demand_launcher,M
VRS_SUPERVISOR,A,REBATES.ON_DEMAND_PREPAID,on_demand_prepaid,M
VRS_SUPERVISOR,A,SUBSYSTEMS.ACCT_APPROVAL_QUEUE,ap_approval,M
VRS_SUPERVISOR,A,SUBSYSTEMS.SCANBACK_AUDIT,ad_funding,M
VRS_SUPERVISOR,A,SUBSYSTEMS.NDA_DASHBAORD,ndc_upload,M
VRS_SUPERVISOR,A,SUBSYSTEMS.NSA_DASHBOARD,nsa_dashboard,M
VRS_SUPERVISOR,A,SUBSYSTEMS.POST_AUDIT_UPLOAD,pa_upload,M
VRS_SUPERVISOR,A,SUBSYSTEMS.COST_CHANGE_FEE_DASHBOARD,cf_dashboard,M
VRS_SUPERVISOR,A,SUBSYSTEMS.FREIGHT_DASHBOARD,freight_dashboard,M
VRS_SUPERVISOR,A,SUBSYSTEMS.S5S5_DASHBOARD,ss_dashboard,M
VRS_SUPERVISOR,A,SUBSYSTEMS.TT_DASHBOARD,tt_dashboard,M
VRS_SUPERVISOR,A,SUBSYSTEMS.FRONT_END_DASHBOARD,fe_dashboard,M
VRS_SUPERVISOR,A,SUBSYSTEMS.BB_DASHBOARD,bb_dashboard,M
VRS_SUPERVISOR,A,SUBSYSTEMS.DG_MEDIA_UPLOAD,dgm_upload,M
VRS_SUPERVISOR,A,SUBSYSTEMS.DG_MEDIA_20,dgm_dashboard,M
VRS_SUPERVISOR,A,SUBSYSTEMS.BOPIS_DASHBOARD,bopis_dashboard,M
VRS_SUPERVISOR,A,SUBSYSTEMS.TOBACCO_ACCRUAL,tobacco_dashboard,M
VRS_SUPERVISOR,A,SUBSYSTEMS.UNSALEABLES,unsale_dashboard,M
VRS_SUPERVISOR,A,SUBSYSTEMS.CONTRACTS,vrs_contracts,M
VRS_SUPERVISOR,A,SUBSYSTEMS.VENDOR_EMAILS,vendor_emails,M
VRS_SUPERVISOR,A,SUBSYSTEMS.WRITE_OFF_UPLOAD,wo_upload,M
VRS_SUPERVISOR,A,HISTORY.HISTORY_EXTRACTS,history_extracts,M
VRS_SUPERVISOR,A,HISTORY.HISTORY_EXTRACTS_OTHER,history_extracts_other,M
VRS_SUPERVISOR,A,HISTORY.DEDUCTIONS_TAKEN,deductions,M
VRS_SUPERVISOR,A,HISTORY.CHECKS_RECEIVED,checks_received,M
VRS_SUPERVISOR,A,HISTORY.ADJUSTMENTS,adjustments,M
VRS_SUPERVISOR,A,HISTORY.BATCHES,batches,M
VRS_SUPERVISOR,A,HISTORY.AUDIT_LOG,audit_logs,M
VRS_SUPERVISOR,A,HISTORY.REPORTS,vrs_reports,M
VRS_SUPERVISOR,A,HISTORY.PERIOD_END_REPORTS,vrs_pe_reports,M
VRS_SUPERVISOR,A,HISTORY.INQUIRIES,inquiry_forms,M
VRS_SUPERVISOR,A,INQUIRY.ACCT_TRANSACTIONS,acct_trans_inq,M
VRS_SUPERVISOR,A,HISTORY.ACCRUAL_HISTORY,accrual_history,M
VRS_SUPERVISOR,A,INQUIRY.ACTUAL_BUCKETS,buckets,M
VRS_SUPERVISOR,A,INQUIRY.AGED_INQUIRY,aged_inquiry,M
VRS_SUPERVISOR,A,INQUIRY.PREPAID_INQUIRY,prepaid_inquiry,M
VRS_SUPERVISOR,A,INQUIRY.SKU_INQUIRY,sku_inquiry,M
VRS_SUPERVISOR,A,INQUIRY.OFFER_INQUIRY,offer_inquiry,M
VRS_SUPERVISOR,A,INQUIRY.VAR_SUMMARY_BY_DEPT,var_sum,M
VRS_SUPERVISOR,A,INQUIRY.ACTUAL_DAMAGES,damages_actual,M
VRS_SUPERVISOR,A,INQUIRY.DAMAGES_COMPARISON,damages_comparison,M
VRS_SUPERVISOR,A,MAINTENANCE.REBATE_TYPES,rebate_types,R
VRS_SUPERVISOR,A,MAINTENANCE.REBATE_CATEGORY,rebate_category_types,R
VRS_SUPERVISOR,A,MAINTENANCE.VENDOR_CONTACTS,vendor_contact,M
VRS_SUPERVISOR,A,MAINTENANCE.ACCOUNTING_CONTROLS,acct_control_master,R
VRS_SUPERVISOR,A,MAINTENANCE.PARAMETERS,parameters,R
VRS_SUPERVISOR,A,MAINTENANCE.REPORT_TYPES,report_types,R
VRS_SUPERVISOR,A,MAINTENANCE.SECURITY,security,N
VRS_SUPERVISOR,A,VRA_VRT.MAINTAIN_VRAVRT,fcst_rebate_program,R
VRS_SUPERVISOR,A,VRA_VRT.SETUPLINK_AGREEMENT_TO_MASTER,vendor_contract_mgmt,R
VRS_SUPERVISOR,A,VRA_VRT.EXPORT_AGMT,agreement_export,R
VRS_SUPERVISOR,A,VRA_VRT.EXPORT_TPR,tpr_export,R
VRS_SUPERVISOR,A,VRA_VRT.EXPORT_DETAILED_FORECAST,forecast_export,R
VRS_SUPERVISOR,A,VRA_VRT.LOG_VIEWER,log_viewer,R
VRS_SUPERVISOR,A,REPORTS.DEAL_VARIANCE,deal_variance_report,R
VRS_SUPERVISOR,A,REPORTS.EARNINGS,earnings_to_rec_sale,R
VRS_SUPERVISOR,A,REPORTS.REBATE_DOLLARS,rebate_dollars_by_pog,R
VRS_SUPERVISOR,A,REPORTS.BUYER_AGREEMENT_RECAP,buyer_agreement_recap,R
VRS_SUPERVISOR,A,REPORTS.PERIOD_VARIANCE,period_variance_by_vendor,R
VRS_SUPERVISOR,A,REPORTS.STANDARD_REPORT_SET,standard_report_set,R
VRS_SUPERVISOR,A,REPORTS.PLAN_REPORT_SET,standard_plan_report_set,R
VRS_SUPERVISOR,A,PLANFORECAST.FORECAST_MAINTENANCE,fcst_maint,R
VRS_SUPERVISOR,A,PLANFORECAST.FORECAST_ADJUSTMENTS,fcst_adjustment,R
VRS_SUPERVISOR,A,PLANFORECAST.PLAN_MAINTENANCE,plan_maint,R
VRS_SUPERVISOR,A,PLANFORECAST.PLAN_ADJUSTMENTS,plan_adjustment,R
VRS_SUPERVISOR,A,PLANFORECAST.CYCLE_CLOSE,fcst_cycle_close,R
VRS_SUPERVISOR,A,PLANFORECAST.PERIOD_CLOSE_VARIANCE_ANALYSIS,rebate_variance,R
VRS_SUPERVISOR,A,PLANFORECAST.VARIANCE_ANALYSIS,fcst_variance,R
VRS_SUPERVISOR,A,DASHBOARDS.BUYER_DASHBOARD,buyer_dashboard,R
VRS_SUPERVISOR,A,DASHBOARDS.DMMGMM_DASHBOARD,dmm_dashboard,R
VRS_SUPERVISOR,A,DASHBOARDS.FPA_DASHBOARD,fpa_dashboard,R
VRS_SUPERVISOR,A,DASHBOARDS.AP_APPROVAL_QUEUE,ap_approval,M
VRS_SUPERVISOR,A,DASHBOARDS.DASHBOARD_USER_MGMT,mdse_user_mgmt,R
VRS_SUPERVISOR,A,MAINTENANCESETUP.DG_RACING_DEAL_MASTER,dg_racing_program,R
VRS_SUPERVISOR,A,MAINTENANCESETUP.AD_PRINT_COOP_MASTER,ad_coop_program,R
VRS_SUPERVISOR,A,MAINTENANCESETUP.FORECAST_ID_MGMT,fcst_id_mgmt,R
VRS_SUPERVISOR,A,MAINTENANCESETUP.MERCH_REBATE_TYPES_SETUP,mdse_rebate_config,R
VRS_SUPERVISOR,A,MAINTENANCESETUP.CONSOLIDATE_VENDORS,consolidate_vendor_mgmt,R
VRS_SUPERVISOR,A,MAINTENANCESETUP.MDSE_VENDOR_CONTACT,mdse_vendor_contact,R
VRS_SUPERVISOR,A,MAINTENANCESETUP.POG_MAINTENANCE,pog_maint,R
